Запрос,Спрос,Tier,Целевая страница,Флаг,ИсхКатегория
тату сертификат,2796,EXCLUDE,"тату-сертификат (потребит., не печать)","тату-сертификат (потребит., не печать)",PRINT
тату сертификат подарочный,763,EXCLUDE,"тату-сертификат (потребит., не печать)","тату-сертификат (потребит., не печать)",PRINT
печать сертификатов,725,Tier-3,/certificates (хаб),,PRINT
подарочные сертификаты печать,597,Tier-1,/certificates/gift,,PRINT
печать грамот москва,513,STANDALONE,грамоты (→/awards),грамоты (→/awards),PRINT
печать сертификатов в москве,497,Tier-3,/certificates (хаб),,PRINT
распечатка документов,361,EXCLUDE,копицентр/документы,копицентр/документы,PRINT
тату сертификаты,319,EXCLUDE,"тату-сертификат (потребит., не печать)","тату-сертификат (потребит., не печать)",PRINT
подарочный сертификат на заказ,309,Tier-1,/certificates/gift,,PRINT
изготовление сертификатов,261,Tier-3,/certificates (хаб),,PRINT
печать сертификатов москва,125,Tier-3,/certificates (хаб),,PRINT
печать подарочных сертификатов,105,Tier-1,/certificates/gift,,PRINT
сертификат на фотокнигу,102,STANDALONE,фотокниги (→/photobooks),фотокниги (→/photobooks),PRINT
печать сертификата на плотной бумаге,88,Tier-3,/certificates (хаб),,PRINT
печать сертификатов а4,83,Tier-3,/certificates (хаб),,PRINT
печать диплома москва,71,STANDALONE,дипломы (→/diplomas),дипломы (→/diplomas),PRINT
заказ сертификатов,68,Tier-3,/certificates (хаб),,PRINT
печать сертификаты,65,Tier-3,/certificates (хаб),,PRINT
печать дипломов и грамот цены москва,65,STANDALONE,грамоты (→/awards),грамоты (→/awards),PRINT
типография чехов,65,EXCLUDE,бренд-конкурент,бренд-конкурент,PRINT
печать подарочных сертификатов москва,58,Tier-1,/certificates/gift,,PRINT
подарочные сертификаты на заказ,52,Tier-1,/certificates/gift,,PRINT
заказать подарочные сертификаты типография,51,Tier-1,/certificates/gift,,PRINT
подарочный сертификат на фотокнигу,51,STANDALONE,фотокниги (→/photobooks),фотокниги (→/photobooks),PRINT
рельефная печать заказать,44,Tier-2,/certificates/relief,рельеф/тиснение/материалы,PRINT
сертификаты на заказ,42,Tier-3,/certificates (хаб),,PRINT
сертификат на печать фотокниги,36,STANDALONE,фотокниги (→/photobooks),фотокниги (→/photobooks),PRINT
напечатать грамоту,36,STANDALONE,грамоты (→/awards),грамоты (→/awards),PRINT
заказать печать сертификатов,35,Tier-3,/certificates (хаб),,PRINT
размер сертификата,31,Tier-3,/certificates (хаб),,PRINT
29,29,Tier-3,/certificates (хаб),,PRINT
типография печать сертификатов,28,Tier-3,/certificates (хаб),,PRINT
печать сертификата,27,Tier-3,/certificates (хаб),,PRINT
распечатать сертификаты,25,Tier-3,/certificates (хаб),,PRINT
заказ печать сертификата,24,Tier-3,/certificates (хаб),,PRINT
изготовление сертификатов москва,23,Tier-3,/certificates (хаб),,PRINT
изготовление подарочных сертификатов с конвертом на заказ,23,Tier-1,/certificates/gift,,PRINT
распечатать сертификат подарочный,23,Tier-1,/certificates/gift,,PRINT
печать сертификатов цена,22,Tier-3,/certificates (хаб),,PRINT
изготовление сертификатов на заказ,22,Tier-3,/certificates (хаб),,PRINT
распечатать документ рядом со мной,22,EXCLUDE,копицентр/документы,копицентр/документы,PRINT
сертификат антидвойка,22,EXCLUDE,мем/нерелевант,мем/нерелевант,PRINT
подарочный сертификат заказать изготовление,21,Tier-1,/certificates/gift,,PRINT
нетпринт сертификат,21,EXCLUDE,бренд-конкурент,бренд-конкурент,PRINT
срочная печать сертификатов,20,Tier-3,/certificates (хаб),,PRINT
печать сертификатов enjoyprint.ru,20,EXCLUDE,бренд-конкурент,бренд-конкурент,BRANDED
печать дипломов и сертификатов,18,Tier-3,/certificates (хаб),,PRINT
печать сертификатов pmg,18,EXCLUDE,бренд-конкурент,бренд-конкурент,BRANDED
где можно распечатать документы с телефона,18,EXCLUDE,копицентр/документы,копицентр/документы,PRINT
печать сертификатов на ипринт ру,17,Tier-3,/certificates (хаб),,PRINT
печать дипломов и грамот москва,17,STANDALONE,грамоты (→/awards),грамоты (→/awards),PRINT
распечатать грамоту,17,EXCLUDE,шаблон/DIY,шаблон/DIY,PRINT
печать сертификатов чехов,16,EXCLUDE,бренд-конкурент,бренд-конкурент,PRINT
печать сертификатов с рельефной печатью,16,Tier-2,/certificates/relief,рельеф/тиснение/материалы,PRINT
конгревная печать,16,Tier-2,/certificates/relief,рельеф/тиснение/материалы,PRINT
штамп на бумаге,15,Tier-3,/certificates (хаб),,PRINT
заказать печать сертификата,14,Tier-3,/certificates (хаб),,PRINT
печать сертификатов в москве enjoyprint.ru,14,EXCLUDE,бренд-конкурент,бренд-конкурент,BRANDED
можно ли напечатать сертификат с рельефной печатью,13,Tier-2,/certificates/relief,рельеф/тиснение/материалы,PRINT
печать прозрачных сертификатов,13,Tier-2,/certificates/relief,рельеф/тиснение/материалы,PRINT
цифровая печать сертификатов,13,Tier-3,/certificates (хаб),,PRINT
напечатать сертификат в чехове,13,EXCLUDE,бренд-конкурент,бренд-конкурент,PRINT
подарочный сертификат печать,13,Tier-1,/certificates/gift,,PRINT
заказать подарочный сертификат в типографии,13,Tier-1,/certificates/gift,,PRINT
типография печать сертификатов pmg,13,EXCLUDE,бренд-конкурент,бренд-конкурент,BRANDED
tattoo certificate,13,EXCLUDE,бренд-конкурент,бренд-конкурент,BRANDED
печать сертификата чехов,12,EXCLUDE,бренд-конкурент,бренд-конкурент,PRINT
бумажный сертификат на сертификат-бумаге с рельефной печатью,12,Tier-2,/certificates/relief,рельеф/тиснение/материалы,PRINT
сертификаты печать стоимость,11,Tier-3,/certificates (хаб),,PRINT
печать сертификата с тиснением чехов,11,EXCLUDE,бренд-конкурент,бренд-конкурент,PRINT
печать сертификата на дизайнерской бумаге чехов,11,EXCLUDE,бренд-конкурент,бренд-конкурент,PRINT
11,11,Tier-3,/certificates (хаб),,PRINT
печать сертификатов printside,11,EXCLUDE,бренд-конкурент,бренд-конкурент,BRANDED
уф печать сертификатов,10,Tier-2,/certificates/relief,рельеф/тиснение/материалы,PRINT
сертификаты качества печать москва,10,Tier-3,/certificates (хаб),,PRINT
сертификаты печать,10,Tier-3,/certificates (хаб),,PRINT
печать сертификатов гарант,10,EXCLUDE,бренд-конкурент,бренд-конкурент,PRINT
рельефная печать на сертификат,10,Tier-2,/certificates/relief,рельеф/тиснение/материалы,PRINT
сертификат печать цена,10,Tier-3,/certificates (хаб),,PRINT
подарочный сертификат типография,10,Tier-1,/certificates/gift,,PRINT
подарочные сертификаты изготовление москва,10,Tier-1,/certificates/gift,,PRINT
10,10,Tier-3,/certificates (хаб),,PRINT
размер подарочного сертификата,10,Tier-1,/certificates/gift,,PRINT
заказать печать сертификатов москва,9,Tier-3,/certificates (хаб),,PRINT
подарочный сертификат заказать печать,9,Tier-1,/certificates/gift,,PRINT
подарочный сертификат печать на заказ,9,Tier-1,/certificates/gift,,PRINT
срочная печать сертификатов москва,9,Tier-3,/certificates (хаб),,PRINT
печать сертификатов а4 цена pmg,9,EXCLUDE,бренд-конкурент,бренд-конкурент,BRANDED
печать сертификатов грамот pmg,9,EXCLUDE,бренд-конкурент,бренд-конкурент,BRANDED
заказать печать грамот москва,9,STANDALONE,грамоты (→/awards),грамоты (→/awards),PRINT
принт чехов,9,EXCLUDE,бренд-конкурент,бренд-конкурент,PRINT
сертификат на услуги печать,8,Tier-3,/certificates (хаб),,PRINT
именные сертификаты печать,8,Tier-3,/certificates (хаб),,PRINT
печать и нумерация сертификатов,8,Tier-3,/certificates (хаб),,PRINT
бланки сертификатов печать,8,Tier-3,/certificates (хаб),,PRINT
напечатать сертификат типография,8,Tier-3,/certificates (хаб),,PRINT
подарочный сертификат размеры,8,Tier-1,/certificates/gift,,PRINT
печать сертификатов в москве pmg,8,EXCLUDE,бренд-конкурент,бренд-конкурент,BRANDED
напечатать дипломы и грамоты,8,STANDALONE,грамоты (→/awards),грамоты (→/awards),PRINT
сертификат вектор,8,Tier-3,/certificates (хаб),,PRINT
антидвойка сертификат,8,EXCLUDE,мем/нерелевант,мем/нерелевант,PRINT
сертификат о прохождении курса маникюра,8,Tier-3,/certificates (хаб),,PRINT
печать сертификатов рядом,7,Tier-3,/certificates (хаб),,PRINT
печать сертификаты заказать,7,Tier-3,/certificates (хаб),,PRINT
на какой бумаге печатают сертификаты,7,Tier-3,/certificates (хаб),,PRINT
напечатать сертификат подарочный,7,Tier-1,/certificates/gift,,PRINT
что такое встроенная функция почтового клиента,7,Tier-3,/certificates (хаб),,INFO
печать сертификатов в москве гарант,6,EXCLUDE,бренд-конкурент,бренд-конкурент,PRINT
сертификат на печать фотографий,6,STANDALONE,фотокниги (→/photobooks),фотокниги (→/photobooks),PRINT
печать сертификатов а4 цена,6,Tier-3,/certificates (хаб),,PRINT
распечатать подарочный сертификат,6,Tier-1,/certificates/gift,,PRINT
размер сертификата подарочного для печати,6,Tier-1,/certificates/gift,,PRINT
печать сертификатов в москве printside,6,EXCLUDE,бренд-конкурент,бренд-конкурент,BRANDED
печать подарочных сертификатов printside,6,EXCLUDE,бренд-конкурент,бренд-конкурент,BRANDED
подарочные сертификаты печать pmg,6,EXCLUDE,бренд-конкурент,бренд-конкурент,BRANDED
на какой бумаге печатают грамоты,6,STANDALONE,грамоты (→/awards),грамоты (→/awards),PRINT
копирка чехов,6,EXCLUDE,бренд-конкурент,бренд-конкурент,PRINT
сертификаты мастера маникюра,6,Tier-3,/certificates (хаб),,PRINT
сертификат мастера маникюра с печатью и росписью,5,Tier-3,/certificates (хаб),,PRINT
печать сертификатов в москве 7 499 642 46 17,5,Tier-3,/certificates (хаб),,PRINT
5,5,Tier-3,/certificates (хаб),,PRINT
размеры подарочных сертификатов,5,Tier-1,/certificates/gift,,PRINT
печать сертификатов в москве printsreda.ru,5,EXCLUDE,бренд-конкурент,бренд-конкурент,BRANDED
netprint сертификат,5,EXCLUDE,бренд-конкурент,бренд-конкурент,BRANDED
печать для сертификатов,4,Tier-3,/certificates (хаб),,PRINT
сертификат тату мастера с печатью,4,EXCLUDE,"тату-сертификат (потребит., не печать)","тату-сертификат (потребит., не печать)",PRINT
сертификат на печать фотографий подарочный,4,STANDALONE,фотокниги (→/photobooks),фотокниги (→/photobooks),PRINT
подарочный сертификат на курс 3д печати,4,Tier-1,/certificates/gift,,PRINT
4,4,Tier-3,/certificates (хаб),,PRINT
антидвойка сертификат шаблон для печати,4,EXCLUDE,мем/нерелевант,мем/нерелевант,INFO
размер подарочного сертификата для печати,4,Tier-1,/certificates/gift,,PRINT
печать подарочных сертификатов москва pmg,4,EXCLUDE,бренд-конкурент,бренд-конкурент,BRANDED
печать сертификатов корал принт,4,EXCLUDE,бренд-конкурент,бренд-конкурент,PRINT
печать подарочных сертификатов acard.ru,4,EXCLUDE,бренд-конкурент,бренд-конкурент,BRANDED
напечатать дипломы типография цена,4,STANDALONE,дипломы (→/diplomas),дипломы (→/diplomas),PRINT
сертификат на фотокнигу в подарок,4,STANDALONE,фотокниги (→/photobooks),фотокниги (→/photobooks),PRINT
размеры сертификатов,4,Tier-3,/certificates (хаб),,PRINT
на сертификат цента печать есть росписи нет действителен документ,3,Tier-3,/certificates (хаб),,PRINT
нужно ли какое то разрешение для печати на сертификаты,3,Tier-3,/certificates (хаб),,PRINT
типография сертификаты печать,3,Tier-3,/certificates (хаб),,PRINT
сертификат на печать фото,3,STANDALONE,фотокниги (→/photobooks),фотокниги (→/photobooks),PRINT
где распечатать сертификат,3,Tier-3,/certificates (хаб),,PRINT
где можно распечатать сертификат,3,EXCLUDE,копицентр/документы,копицентр/документы,PRINT
сертификат подарочный печать,3,Tier-1,/certificates/gift,,PRINT
печать сертификата подарочного,3,Tier-1,/certificates/gift,,PRINT
изготовление сертификатов подарочных,3,Tier-1,/certificates/gift,,PRINT
изготовление подарочного сертификата,3,Tier-1,/certificates/gift,,PRINT
3,3,Tier-3,/certificates (хаб),,PRINT
размеры сертификатов подарочных для печати,3,Tier-1,/certificates/gift,,PRINT
подарочный сертификат размеры для печати,3,Tier-1,/certificates/gift,,PRINT
подарочный сертификат бланк шаблон,3,EXCLUDE,шаблон/DIY,шаблон/DIY,INFO
подарочный сертификат размер,3,Tier-1,/certificates/gift,,PRINT
размер сертификата подарочного,3,Tier-1,/certificates/gift,,PRINT
бланки сертификатов печать printsreda.ru,3,EXCLUDE,бренд-конкурент,бренд-конкурент,BRANDED
печать сертификатов в москве на ипринт ру,3,Tier-3,/certificates (хаб),,PRINT
печать сертификатов на принтомат ру,3,Tier-3,/certificates (хаб),,PRINT
бумага для печати грамот и дипломов,3,STANDALONE,грамоты (→/awards),грамоты (→/awards),PRINT
печать грамот стоимость,3,STANDALONE,грамоты (→/awards),грамоты (→/awards),PRINT
сертификат размер,3,Tier-3,/certificates (хаб),,PRINT
обязательно ли поставить печать на сертификате о прохождении курса,2,Tier-3,/certificates (хаб),,PRINT
бумага для печати сертификатов плотность,2,Tier-3,/certificates (хаб),,PRINT
печать дипломов сертификатов,2,Tier-3,/certificates (хаб),,PRINT
печать цветного сертификата,2,Tier-3,/certificates (хаб),,PRINT
сертификат с печатью,2,Tier-3,/certificates (хаб),,PRINT
распечатать сертификат эцп,2,Tier-3,/certificates (хаб),,PRINT
типография сертификаты заказать,2,Tier-3,/certificates (хаб),,PRINT
заказать изготовление сертификатов,2,Tier-3,/certificates (хаб),,PRINT
сертификат на заказ,2,Tier-3,/certificates (хаб),,PRINT
подарочный сертификат формат для печати,2,Tier-1,/certificates/gift,,PRINT
подарочный сертификат картинки,2,Tier-1,/certificates/gift,,PRINT
напечатать подарочные сертификаты,2,Tier-1,/certificates/gift,,PRINT
печать сертификатов срочно,2,Tier-3,/certificates (хаб),,PRINT
2,2,Tier-3,/certificates (хаб),,PRINT
сертификат мастера маникюра с печатью и росписью шаблон,2,EXCLUDE,шаблон/DIY,шаблон/DIY,INFO
сертификат на исполнение желания шаблон для печати,2,EXCLUDE,шаблон/DIY,шаблон/DIY,INFO
размеры подарочных сертификатов для печати,2,Tier-1,/certificates/gift,,PRINT
подарочный сертификат размер для печати,2,Tier-1,/certificates/gift,,PRINT
размер подарочных сертификатов для печати,2,Tier-1,/certificates/gift,,PRINT
картинка сертификат подарочный шаблон для печати,2,EXCLUDE,шаблон/DIY,шаблон/DIY,INFO
подарочный сертификат шаблон word онлайн,2,EXCLUDE,шаблон/DIY,шаблон/DIY,NONTARGET
сертификат на оценку в школе шаблоны для распечатки,2,EXCLUDE,шаблон/DIY,шаблон/DIY,INFO
стандартный размер подарочного сертификата,2,Tier-1,/certificates/gift,,PRINT
печать дипломов и сертификатов москва printsreda.ru,2,EXCLUDE,бренд-конкурент,бренд-конкурент,BRANDED
печать сертификатов цена на фолиопринт ру,2,Tier-3,/certificates (хаб),,PRINT
изготовление печати сертификатов на аврорапринт ру,2,EXCLUDE,бренд-конкурент,бренд-конкурент,PRINT
печать сертификата а4 на аврорапринт ру,2,EXCLUDE,бренд-конкурент,бренд-конкурент,PRINT
печать сертификата на плотной бумаге pmg,2,EXCLUDE,бренд-конкурент,бренд-конкурент,BRANDED
печать сертификатов москва coral-print.ru,2,EXCLUDE,бренд-конкурент,бренд-конкурент,BRANDED
сертификат под печать на аврорапринт ру,2,EXCLUDE,бренд-конкурент,бренд-конкурент,PRINT
печать подарочных сертификатов на аврорапринт ру,2,EXCLUDE,бренд-конкурент,бренд-конкурент,PRINT
печать сертификата print24su,2,EXCLUDE,бренд-конкурент,бренд-конкурент,BRANDED
сертификат бровиста пустой с печатью kursy-brovista.ru,2,EXCLUDE,бренд-конкурент,бренд-конкурент,BRANDED
печать сертификатов а4 цена icolorit,2,EXCLUDE,бренд-конкурент,бренд-конкурент,BRANDED
печать сертификатов цена pmg,2,EXCLUDE,бренд-конкурент,бренд-конкурент,BRANDED
заказать печать сертификатов pmg,2,EXCLUDE,бренд-конкурент,бренд-конкурент,BRANDED
какой плотности бумага для грамот,2,STANDALONE,грамоты (→/awards),грамоты (→/awards),PRINT
клише для рельефной печати,2,Tier-2,/certificates/relief,рельеф/тиснение/материалы,PRINT
штамп с тиснением для бумаги,2,Tier-2,/certificates/relief,рельеф/тиснение/материалы,PRINT
какая плотность бумаги для грамот,2,STANDALONE,грамоты (→/awards),грамоты (→/awards),PRINT
какого размера сертификат,2,Tier-3,/certificates (хаб),,PRINT
мультифото сертификат,2,Tier-3,/certificates (хаб),,PRINT
сертификат по маникюру,2,Tier-3,/certificates (хаб),,PRINT
сертификаты мастера маникюра с печатью,1,Tier-3,/certificates (хаб),,PRINT
сертификат для печати,1,Tier-3,/certificates (хаб),,PRINT
свидетельство и сертификаты скреплены печатями и подписями,1,Tier-3,/certificates (хаб),,PRINT
должна ли быть печать на сертификате о прохождении курсов,1,Tier-3,/certificates (хаб),,PRINT
бумага для печати сертификатов,1,Tier-3,/certificates (хаб),,PRINT
сертификат маникюра с печатью,1,Tier-3,/certificates (хаб),,PRINT
печать сертификатов аврора принт,1,EXCLUDE,бренд-конкурент,бренд-конкурент,PRINT
печать сертификата на плотной бумаге типиндиго санкт петербург,1,Tier-3,/certificates (хаб),,PRINT
сертификат мастера маникюра с печатью,1,Tier-3,/certificates (хаб),,PRINT
сертификат печать цена аврора принт,1,EXCLUDE,бренд-конкурент,бренд-конкурент,PRINT
печать сертификатов из пластика,1,Tier-2,/certificates/relief,рельеф/тиснение/материалы,PRINT
печать сертификатов тпс медиа,1,Tier-3,/certificates (хаб),,PRINT
сертификат массажиста с печатью,1,Tier-3,/certificates (хаб),,PRINT
печать сертификата на плотной бумаге аврора принт,1,EXCLUDE,бренд-конкурент,бренд-конкурент,PRINT
печать бланков цена отпечатать бланки инструкции талоны сертификаты и войковская,1,Tier-3,/certificates (хаб),,PRINT
офсетная печать сертификатов,1,EXCLUDE,capability (офсет),capability (офсет),PRINT
прививочный сертификат печать медик мск,1,Tier-3,/certificates (хаб),,PRINT
изготовление печати сертификатов аврора принт,1,EXCLUDE,бренд-конкурент,бренд-конкурент,PRINT
печать сертификатов в москве аврора принт,1,EXCLUDE,бренд-конкурент,бренд-конкурент,PRINT
печать сертификата а4,1,Tier-3,/certificates (хаб),,PRINT
печать сертификата а4 аврора принт,1,EXCLUDE,бренд-конкурент,бренд-конкурент,PRINT
печать сертификатов прайс,1,Tier-3,/certificates (хаб),,PRINT
на какой бумаге напечатать сертификат,1,Tier-3,/certificates (хаб),,PRINT
подарочный сертификат картинка для печати,1,Tier-1,/certificates/gift,,PRINT
подарочный сертификат на печать фотографий,1,STANDALONE,фотокниги (→/photobooks),фотокниги (→/photobooks),PRINT
печать подарочных сертификатов аврора принт,1,EXCLUDE,бренд-конкурент,бренд-конкурент,PRINT
печать фото подарочный сертификат,1,STANDALONE,фотокниги (→/photobooks),фотокниги (→/photobooks),PRINT
где можно распечатать подарочный сертификат,1,EXCLUDE,копицентр/документы,копицентр/документы,PRINT
типография подарочные сертификаты,1,Tier-1,/certificates/gift,,PRINT
подарочный сертификат изготовить,1,Tier-1,/certificates/gift,,PRINT
1,1,Tier-3,/certificates (хаб),,PRINT
сертификат наращивание ресниц шаблон с печатью,1,EXCLUDE,шаблон/DIY,шаблон/DIY,INFO
для вывода сертификата на печать воспользуйтесь встроенной функцией почтового клиента что это,1,Tier-3,/certificates (хаб),,PRINT
подарочный сертификат картинка для печати шаблон,1,EXCLUDE,шаблон/DIY,шаблон/DIY,INFO
размеры подарочного сертификата для печати,1,Tier-1,/certificates/gift,,PRINT
какой размер у подарочного сертификата,1,Tier-1,/certificates/gift,,PRINT
подарочные сертификаты шаблон,1,EXCLUDE,шаблон/DIY,шаблон/DIY,INFO
печать сертификатов printology.ru,1,EXCLUDE,бренд-конкурент,бренд-конкурент,BRANDED
печать сертификатов в москве корал принт,1,EXCLUDE,бренд-конкурент,бренд-конкурент,PRINT
подарочный сертификат заказать печать pmg,1,EXCLUDE,бренд-конкурент,бренд-конкурент,BRANDED
печать сертификатов а4 printhit,1,EXCLUDE,бренд-конкурент,бренд-конкурент,BRANDED
прививочный сертификат печать medmskpro,1,EXCLUDE,бренд-конкурент,бренд-конкурент,BRANDED
подарочный сертификат печать на заказ pmg,1,EXCLUDE,бренд-конкурент,бренд-конкурент,BRANDED
печать сертификатов iprint.ru,1,EXCLUDE,бренд-конкурент,бренд-конкурент,BRANDED
прививочный сертификат печать medik мск,1,EXCLUDE,бренд-конкурент,бренд-конкурент,BRANDED
печать сертификатов bearprint.pro,1,EXCLUDE,бренд-конкурент,бренд-конкурент,BRANDED
печать сертификатов coral-print.ru,1,EXCLUDE,бренд-конкурент,бренд-конкурент,BRANDED
печать сертификатов на этикетки ру,1,EXCLUDE,бренд-конкурент,бренд-конкурент,PRINT
печать сертификатов на цопы ру,1,Tier-3,/certificates (хаб),,PRINT
печать сертификата fineart-print.ru,1,EXCLUDE,бренд-конкурент,бренд-конкурент,BRANDED
печать сертификата стоимость на фолиопринт ру,1,Tier-3,/certificates (хаб),,PRINT
kursy-brovista.ru сертификат бровиста пустой с печатью,1,EXCLUDE,бренд-конкурент,бренд-конкурент,BRANDED
срочная печать сертификатов pmg,1,EXCLUDE,бренд-конкурент,бренд-конкурент,BRANDED
печать сертификата print24 su,1,EXCLUDE,бренд-конкурент,бренд-конкурент,BRANDED
изготовление диплома,1,STANDALONE,дипломы (→/diplomas),дипломы (→/diplomas),PRINT
печать рельефная,1,Tier-2,/certificates/relief,рельеф/тиснение/материалы,PRINT
печать грамот спб,1,STANDALONE,грамоты (→/awards),грамоты (→/awards),PRINT
где напечатать диплом,1,STANDALONE,дипломы (→/diplomas),дипломы (→/diplomas),PRINT
проблемы с получением сертификата материнского капитала документы поданы вовремя но не хватает бланков для печати где можно пожаловаться,1,Tier-3,/certificates (хаб),,PRINT
фотокнига сертификат,1,STANDALONE,фотокниги (→/photobooks),фотокниги (→/photobooks),PRINT
заполнить сертификат онлайн,1,Tier-3,/certificates (хаб),,PRINT
шаблон сертификата об обучении маникюру,1,EXCLUDE,шаблон/DIY,шаблон/DIY,INFO
сертификат на фотоальбом,1,STANDALONE,фотокниги (→/photobooks),фотокниги (→/photobooks),PRINT
сертификат на создание фотокниги,1,STANDALONE,фотокниги (→/photobooks),фотокниги (→/photobooks),PRINT
нетпринт сертификаты,1,EXCLUDE,бренд-конкурент,бренд-конкурент,PRINT
сертификат ламинирование ресниц шаблон,1,EXCLUDE,шаблон/DIY,шаблон/DIY,INFO
сертификат мастера маникюра шаблон пустой,1,EXCLUDE,шаблон/DIY,шаблон/DIY,INFO
фрипик сертификат,1,Tier-3,/certificates (хаб),,PRINT
отказали в получении сертификата на мат капитал нет печати а свидетельстве о рождении можно ли заново подать документы,0,Tier-3,/certificates (хаб),,PRINT
печать бланков сертификатов,0,Tier-3,/certificates (хаб),,PRINT
"сертификат (цифровая печать, формат а4, бумага до 200 г/м2, цветность 4+0, единовременный тираж 500 экз.,",0,Tier-3,/certificates (хаб),,PRINT
печать сертификата эцп,0,Tier-3,/certificates (хаб),,PRINT
нужна ли печать на сертификате,0,Tier-3,/certificates (хаб),,PRINT
чистый сертификат на прививку от гриппа с печатью,0,Tier-3,/certificates (хаб),,PRINT
прививочный сертификат купить бланках заверяется печатями,0,Tier-3,/certificates (хаб),,PRINT
бумага для печати сертификатов барнаул,0,Tier-3,/certificates (хаб),,PRINT
"что важнее сертификат,или печать в будо паспорте,отзывы .",0,Tier-3,/certificates (хаб),,PRINT
"ооо венор+ инн 7724445705, исполнительная документация с печатями подписью, сертификаты",0,Tier-3,/certificates (хаб),,PRINT
в сертификате об обучении таро нет печати должна ли стоять печать если эта школа онлайн,0,Tier-3,/certificates (хаб),,PRINT
какую печать ставить на сертификат,0,Tier-3,/certificates (хаб),,PRINT
какая печать должна стоять на сертификате качества,0,Tier-3,/certificates (хаб),,PRINT
распечатать сертификат электронной подписи,0,Tier-3,/certificates (хаб),,PRINT
печать подарочных сертификатов шаблон,0,EXCLUDE,шаблон/DIY,шаблон/DIY,INFO
печать сертификатов copy.ru,0,EXCLUDE,бренд-конкурент,бренд-конкурент,BRANDED
бумага для аттестата,0,Tier-3,/certificates (хаб),,PRINT
сертификат массажиста образец,0,Tier-3,/certificates (хаб),,INFO
сертификаты антидвойка для начальной школы,0,EXCLUDE,мем/нерелевант,мем/нерелевант,PRINT
сертификат об обучении маникюру шаблон,0,EXCLUDE,шаблон/DIY,шаблон/DIY,INFO
шаблон сертификата на наращивание ресниц,0,EXCLUDE,шаблон/DIY,шаблон/DIY,INFO
