host,pages_count,queries_sum
m.avito.ru,345,749
izoproekt.ru,19,668
digital-printing.ru,38,542
kopirka.ru,66,416
tipografia-gorod.ru,43,369
coral-print.ru,79,367
printkov.ru,19,348
tpsprint.ru,61,310
enjoyprint.ru,48,309
printhit.org,36,289
gmprint.ru,30,268
copy.ru,53,264
irm1.ru,20,232
mdmprint.ru,67,203
projectorprint.ru,14,192
yandex.ru,98,192
dpl-print.ru,54,191
iprint.ru,39,161
niceprint.ru,25,160
2gis.ru,71,157
print24.su,9,155
zsa-print.ru,21,141
ozon.ru,43,140
speedy-print.ru,11,138
multifoto.ru,41,134
avito.ru,65,129
printut.com,27,122
profi.ru,62,118
ok-press.ru,10,117
unopress.ru,20,113
uslugi.yandex.ru,66,108
giprint.ru,15,94
icolorit.ru,25,92
pmg.ru,46,89
optpoligraf.ru,23,84
printdirect.ru,8,83
printb.ru,6,73
printside.ru,16,72
di-project.studio,8,71
50k.ru,12,71
fsfera.ru,7,70
vyatka-it.ru,12,67
ru-cafe.ru,7,66
fastprint.info,8,65
limtek.ru,3,64
a-cifra.ru,17,61
supa.ru,4,60
veonix.ru,10,51
printdesign.ru,7,50
mnogoland.ru,4,49
tprint.ru,25,48
fineart-print.ru,23,48
kwork.ru,15,46
gcprint.ru,17,46
litera.studio,8,42
poligrafiya-moscow.ru,8,41
fotor.com,3,40
zzpost.ru,13,40
masterhtml.ru,7,39
apd52.ru,8,39
mospechat.com,11,39
zoon.ru,15,38
mscomprint.ru,20,37
ottisk.com,15,36
printomat.ru,10,35
drawcon.ru,4,34
des-print.ru,16,34
softmg.ru,9,33
tilda.cc,12,33
cityblank.ru,8,33
wilda.ru,4,32
wildberries.ru,17,32
photohotel.ru,10,31
yuppieprint.ru,13,31
goldenstudio.ru,2,31
vp24-print.ru,6,29
vc.ru,11,28
printsreda.ru,13,27
ru.freepik.com,18,27
opt-poligraf.ru,12,27
sajt-vizitka-nedorogo.ru,1,26
gut-farbe.ru,16,26
on-target.pro,6,24
study24.ai,1,24
offset.moscow,8,24
ingate.ru,4,23
editor.printdesign.ru,3,23
republica.ru,9,23
printio.ru,5,23
flyvi.io,4,23
online.visual-paradigm.com,3,23
copygeneral.ru,13,23
mosseo.ru,9,22
tformat.ru,6,22
print-xp.ru,10,22
stolitsaprint.ru,14,22
bmmedia.ru,6,21
sky.pro,15,21
artikul.ru,4,21
ddsi.ru,6,21
myqrcards.com,6,21
folioprint.ru,13,19
market.yandex.ru,19,19
blagoit.com,6,18
prepres.ru,8,18
sergeev.studio,2,17
dzen.ru,15,17
1ppc.ru,7,17
kadrof.ru,5,17
pechatik.ru,9,17
deshevo-vizitki.ru,8,17
copy.spb.ru,12,17
mosgorprint.com,6,16
secretus.ru,7,16
divly.ru,3,15
stk-promo.com,4,15
advertpro.ru,6,15
fasol.studio,4,14
direct.yandex.ru,6,14
seaccelerator.ru,4,14
master-vizitok.ru,7,14
kingcard.ru,4,14
pappermint.ru,9,14
m.vk.com,14,14
nethouse.ru,3,13
webit.ru,4,13
unisender.com,7,13
demis.ru,4,13
prodv.pro,5,13
printin.site,2,13
pomidorprint.ru,5,13
orgpage.ru,4,13
rw24.ru,4,13
yell.ru,5,13
habr.com,9,12
ideaprint.ru,4,12
ukit.com,4,11
xn--e1aaticq.xn--p1ai,2,11
freelance.ru,6,11
youdo.com,7,11
gmh.ru,4,11
moscowbrand.ru,7,11
stilo.ru,7,11
printoffice.moscow,6,11
vizitkaservice.ru,9,11
inetsys.ru,4,10
buro-s.ru,2,10
ctacrew.ru,1,10
lpmotor.ru,8,10
yfprint.ru,3,10
ru.pinterest.com,7,10
fl.ru,7,10
finelabel.ru,8,10
vk.com,7,10
livemaster.ru,10,10
vselistovki.ru,4,10
reg.ru,6,9
tbank.ru,2,9
ai.tochka.com,5,9
seointellect.ru,5,9
avigroup.pro,4,9
smink.ru,6,9
kokoc.com,7,9
reglet.ru,4,9
turbologo.ru,5,9
moipechati.ru,2,9
sprinta.ru,6,9
kopirovalnya.ru,9,9
fotokopir.ru,7,9
bonumprint.ru,5,9
cinar.ru,3,8
craftum.com,4,8
renderforest.com,6,8
seosafe.ru,1,8
ironov.artlebedev.ru,1,8
l0i0i0l.ru,1,8
sdmedia24.ru,3,8
calltouch.ru,2,8
office.vtorge.com,7,8
qrcod.ru,2,8
proprint.pro,7,8
et7.ru,7,8
printype.ru,7,8
bpilot.ru,6,8
limesmedia.ru,8,8
ru.m.wikipedia.org,4,8
web.kaspplus.ru,6,8
q-media.ru,4,7
seo-performance.ru,2,7
skillbox.ru,5,7
mediapanda.ru,4,7
unblast.com,3,7
flexo.ru,5,7
homiwork.com,1,7
konvers-moscow.ru,3,7
spotprint.ru,4,7
a-format.ru,7,7
visitka.ru,7,7
timeweb.com,4,6
wordpress.com,4,6
uguide.ru,2,6
178spb.com,1,6
photo-master.com,3,6
resourceboy.com,3,6
psdmockup.ru,2,6
alkosto.ru,1,6
tapon.ru,1,6
grafiksv.ru,2,6
mockupdownload.ru,3,6
kopirkina.ru,4,6
vecteezy.com,3,6
pd-master.ru,4,6
make-dp.com,1,6
support.microsoft.com,5,6
otvet.mail.ru,5,6
olimp.ltd,3,6
n1foto.com,3,6
xn--80adjblpmujxe.xn--p1ai,3,6
yandex.com.tr,6,6
foroffice.ru,3,6
printer-plotter.ru,2,6
bfd.su,2,5
silvermedia.ru,2,5
tobiz.net,4,5
logo77.ru,1,5
saby.ru,1,5
kingsystem.ru,2,5
rush-agency.ru,4,5
trinet.ru,3,5
printsburg.ru,2,5
orbitsoft.com,1,5
business.yandex,2,5
seo2you.ru,2,5
tochka.com,1,5
profitkit.ru,2,5
mockups-design.com,2,5
66print.ru,2,5
xn--b1aedfedwrdfl5a6k.xn--p1ai,3,5
promli.com,1,5
flyp.ru,5,5
aliexpress.ru,5,5
flex-print.ru,4,5
web.archive.org,3,5
gravirovka-net.ru,3,5
goldflyer.ru,3,5
amigo-print.spb.ru,5,5
magenta.su,3,5
priant.ru,4,5
airprint.ru,3,5
mosstand.ru,3,5
operativnik.ru,5,5
ooo-gorod.ru,4,5
xn----8sbnbq0apgrf9at.xn--p1ai,4,5
online-cityprint.ru,5,5
kp.ru,3,4
digitalrex.ru,2,4
ru.wix.com,3,4
umi.ru,4,4
klerk.ru,2,4
webtronics.ru,2,4
vzlet.agency,2,4
ozhgibesov.agency,3,4
spb.fasol.studio,1,4
a-tum.ru,3,4
kiwanoprint.com,3,4
goodmockups.com,1,4
etxt.ru,2,4
promagnit.ru,1,4
bitrix24.ru,2,4
rustore.ru,2,4
web-canape.ru,4,4
rubix.su,1,4
absolut-duo.ru,1,4
clever-digital.ru,2,4
insales.ru,3,4
workspace.ru,2,4
academposter.ru,2,4
taptop.pro,3,4
logomachine-school.ru,2,4
work-zilla.com,4,4
vcard.prisloni.ru,3,4
figma.com,4,4
dtf.ru,3,4
romanfink.ru,2,4
beprint.ru,4,4
wowbanner.ru,2,4
knokrf.ru,3,4
printpoint.ru,2,4
bearprint.pro,2,4
novayareklama.ru,2,4
l7print.ru,2,4
logotipov.ru,3,4
granprint.ru,4,4
fastcopy.ru,3,4
mirror-print.ru,4,4
rutube.ru,4,4
xn--b1af1adeerq.xn--32-6kct3cu7a5b.xn--p1ai,3,4
multiserwis.ru,2,4
m.youtube.com,4,4
wtprint.ru,2,4
vizitki-online.by,2,4
ppsprint.ru,4,4
minprint.ru,3,4
3topa.ru,2,4
hi-tech.mail.ru,2,3
elama.ru,1,3
tilda.education,2,3
blog.skillfactory.ru,2,3
reklama.tochka.com,3,3
t-j.ru,2,3
practicum.yandex.ru,3,3
fo.ru,2,3
digital-context.ru,2,3
sitelift.ru,1,3
indi.cards,1,3
aaccent.ru,3,3
abmarketing.pro,2,3
mihaylov.digital,3,3
idpro.ru,1,3
taplink.ru,1,3
ego.cards,1,3
ru.wikipedia.org,2,3
ewp.ru,2,3
illan-gifts.ru,1,3
hotheads.su,1,3
fmf.dev,2,3
led-digital.ru,2,3
prostogroup.com,1,3
sticker-label.ru,3,3
copybrothers.ru,3,3
flashfamily.ru,3,3
sostav.ru,2,3
fastweb.ru,2,3
rband.pro,2,3
nastart-web.ru,1,3
pdf-editor.su,2,3
multiurok.ru,2,3
gramota.ru,2,3
rm-c.by,1,3
seopapa.com,2,3
spark.ru,2,3
generator-qr.com,1,3
digitalstrategy.ru,2,3
kontur-lite.ru,3,3
primegate.io,1,3
rookee.ru,3,3
moskva.ur66.ru,1,3
aif.ru,1,3
businessmens.ru,3,3
maketron.ru,1,3
qrvcard.pro,2,3
abris-m.ru,3,3
t.me,3,3
p-gp.ru,2,3
printi.pro,3,3
wowco.ru,2,3
ra-premium.ru,3,3
pvin.ru,3,3
spcolor.ru,3,3
extiprint.ru,3,3
prints-ru.ru,3,3
etiketki24.ru,3,3
cifra-r.ru,3,3
100original.ru,3,3
tvip-print.ru,3,3
midas-ra.ru,3,3
pressroll.ru,3,3
freelancejob.ru,3,3
pro-label.ru,3,3
moscowyard.ru,3,3
tel:%2b74959090624,3,3
shnurok.ru,3,3
tipografiya-a2.ru,1,3
ra177.ru,3,3
hitdeal.ru,3,3
print-hot.ru,3,3
solvipak.ru,3,3
sweb.ru,1,2
pay.yandex.ru,2,2
rbc.ru,1,2
internet-technologies.ru,1,2
workspace.google.com,1,2
tproger.ru,1,2
ucoz.ru,1,2
netpeaksoftware.com,2,2
seousluga.ru,1,2
poehali.dev,1,2
abc-context.ru,1,2
skysmart.ru,2,2
atwinta.ru,1,2
mobirise.com,2,2
ra-tgr.ru,1,2
ichip.ru,1,2
skobeeff.com,2,2
seowow.pro,1,2
ads-pro.pro,1,2
roswebconsult.ru,1,2
kotprint.ru,2,2
cremi.ru,1,2
t4ka.ru,2,2
webolution.ru,2,2
suhov-it.ru,1,2
gendalf.ru,2,2
pixelplus.ru,2,2
websget.ru,1,2
dviga.marketing,2,2
yak-studio.ru,2,2
pikabu.ru,2,2
ratingruneta.ru,2,2
nonails.ru,1,2
msk.ikongifts.ru,1,2
vozrodprint.ru,2,2
studiobit.ru,1,2
komarovaeee.com,2,2
8-planet.ru,2,2
656006.ru,1,2
digitalriff.ru,2,2
ivannikitin.com,1,2
xn----8sb1arqicot.xn--80adxhks,2,2
1c-bitrix.ru,2,2
printsalon.ru,2,2
sitepro.by,1,2
landingheroes.ru,1,2
fouro.ru,2,2
getresult.io,2,2
redkrab.ru,1,2
gravirovka-rs.ru,2,2
3owls.ru,1,2
design.gmprint.ru,1,2
56cifra.ru,2,2
deti.media,1,2
xn----7sbocomb5ac6abd1d1dq.xn--p1ai,2,2
buhgalteria.ru,2,2
tools.pixelplus.ru,1,2
glavbukh.ru,2,2
seokey.ru,1,2
1ps.ru,2,2
seo-lebedev.ru,2,2
qrpr.pro,1,2
elkiart.ru,2,2
flyer-online.ru,2,2
uk.wikipedia.org,1,2
netprint.ru,2,2
pen.ru,2,2
site-77.ru,1,2
1pechat.ru,2,2
cmsmagazine.ru,1,2
miwix.pro,1,2
galla-m.ru,2,2
moscow.megafon.ru,1,2
everest-print.ru,2,2
nethouse.id,1,2
neolurk.org,1,2
laserhall.org,2,2
istockphoto.com,1,2
mew.design,1,2
msk.atmos-fera.ru,2,2
expert-polygraphy.com,2,2
gromovbranding.ru,1,2
ellty.com,2,2
egf.ru,2,2
allprint.moscow,1,2
webtoall.ru,1,2
consultant.ru,2,2
t-f-p.ru,2,2
first-stand.ru,2,2
vizitki-deshevo.ru,2,2
msk.spravker.ru,2,2
magnitra.ru,2,2
amplituda-nn.ru,2,2
printsite.ru,2,2
tirazhi.com,2,2
ibank77.ru,2,2
creativefamilycompany.ru,2,2
copysphere.ru,2,2
znprint.ru,2,2
minitirazh.ru,2,2
mir-pechati.su,2,2
cop-print.ru,2,2
moslabel.com,2,2
mode-web.ru,2,2
onlineprint.ru,2,2
podolsk.zsa-print.ru,2,2
reproprint.ru,2,2
letter-press.ru,1,2
avroraprint.ru,2,2
media.contented.ru,1,2
oasiscatalog.com,2,2
base.garant.ru,2,2
adverti.ru,2,2
lexografika.ru,2,2
re-odin.ru,2,2
lenber.ru,2,2
rembrand.su,2,2
rek-rama.ru,2,2
samokleika.ru,2,2
printari.ru,2,2
printcard.ru,2,2
hf.ru,2,2
pechatnick.com,2,2
block-not.ru,2,2
netology.ru,1,1
business.yandex.ru,1,1
marquiz.ru,1,1
a5.ru,1,1
yandex.cloud,1,1
bazium.ru,1,1
megagroup.ru,1,1
ru.site123.com,1,1
support.google.com,1,1
flexbe.ru,1,1
websiteplanet.com,1,1
gb.ru,1,1
creatium.io,1,1
webstet.ru,1,1
hostland.ru,1,1
setup.ru,1,1
nic.ru,1,1
neiros.ru,1,1
webnode.com,1,1
hozyindachi.ru,1,1
ifishbo.medium.com,1,1
platformalp.ru,1,1
mojem.com,1,1
help.reg.ru,1,1
ru.wikihow.com,1,1
rusrobots.ru,1,1
partner.market.yandex.ru,1,1
housevl.ru,1,1
taplink.cc,1,1
automation-code.ru,1,1
vbr.ru,1,1
mister-pack.ru,1,1
kochevmarketing.com,1,1
workspace.google.co.ug,1,1
majordomo.ru,1,1
journal.sweb.ru,1,1
centralprint.ru,1,1
bdbd.ru,1,1
ipos.digital,1,1
axioom.ru,1,1
firstartstudio.ru,1,1
prodvinem-sayt.ru,1,1
blog.promopult.ru,1,1
itb-company.com,1,1
sendpulse.com,1,1
blog.click.ru,1,1
fichright.ru,1,1
ivit.pro,1,1
ru.weblium.com,1,1
lead-bro.ru,1,1
u-pack.ru,1,1
ptkbik.ru,1,1
fkfd.ru,1,1
liderpoiska.ru,1,1
volga-w.ru,1,1
ds-art.ru,1,1
dashchinskiy.com,1,1
it-agency.ru,1,1
thelightech.ru,1,1
e-kontur.ru,1,1
redbee.ru,1,1
intelsib.ru,1,1
seopm.ru,1,1
pechatnik.moscow,1,1
craftpromotion.ru,1,1
seo-runs.ru,1,1
ahead-pro.com,1,1
octoberweb.ru,1,1
promoexpert.pro,1,1
requestdesign.ru,1,1
websciai.com,1,1
cct.moscow,1,1
design.megagroup.ru,1,1
siteberry.ru,1,1
idea-promotion.ru,1,1
gravcam.com,1,1
ru.hexlet.io,1,1
ru.myfin.by,1,1
banki.ru,1,1
alfabank.ru,1,1
incred.ru,1,1
webformat.ru,1,1
ferrumstudio.ru,1,1
bankiros.ru,1,1
sravni.ru,1,1
gk-mact.ru,1,1
fmf.ru,1,1
mitm.institute,1,1
it.tilda.cc,1,1
media.halvacard.ru,1,1
grampus-studio.ru,1,1
metronews.ru,1,1
hardkod.ru,1,1
prom8.ru,1,1
vedita.ru,1,1
seotemple.ru,1,1
racurs.agency,1,1
bpadevelop.ru,1,1
silauma.agency,1,1
ru.wadline.com,1,1
naumich.com,1,1
seo-kompaniya.ru,1,1
nubex.ru,1,1
swebstudio.ru,1,1
tilda.tilda.ws,1,1
liqium.ru,1,1
rankhost.ru,1,1
mockupbee.com,1,1
intop-media.ru,1,1
a-max.pro,1,1
teampack-pro.ru,1,1
ru.hostings.info,1,1
cloud4box.com,1,1
seo-move.com,1,1
mottor.site,1,1
timoly.ru,1,1
karma-web.ru,1,1
xn--80aegjtfs2ah5g.xn--p1ai,1,1
printouch.ru,1,1
pro-color.ru,1,1
razrabotka-saita.ru,1,1
nalog-nalog.ru,1,1
zomro.com,1,1
sitisit.ru,1,1
librico.ru,1,1
oh-my.site,1,1
vizitka.com,1,1
telemark-it.ru,1,1
hostradar.ru,1,1
fireseo.ru,1,1
studio-good.ru,1,1
xn--80ajjisqj.xn--p1ai,1,1
seotika.ru,1,1
one-page-site.ru,1,1
key-client.ru,1,1
industry.sredaobuchenia.ru,1,1
key-craft.com,1,1
xn--80adijebo7d.xn--p1ai,1,1
otzyvmarketing.ru,1,1
idezign.ru,1,1
rush-analytics.ru,1,1
mirmagnitov.ru,1,1
amssoft.ru,1,1
exiterra.ru,1,1
seowizard.ru,1,1
n-novgorod.goldflyer.ru,1,1
hostcms.ru,1,1
yasite.ru,1,1
nn.gprint.ru,1,1
prostoisait.ru,1,1
only.digital,1,1
poisk-pro.ru,1,1
lead.media,1,1
skillspace.ru,1,1
kvitly.com,1,1
fine-mechanics.ru,1,1
avodigital.ru,1,1
buhexpert8.ru,1,1
ilex.by,1,1
buhsoft.ru,1,1
audit-it.ru,1,1
sinonim.org,1,1
nsportal.ru,1,1
optipromo.ru,1,1
cyber.sports.ru,1,1
allsoft.ru,1,1
web-do.ru,1,1
xn--80aaapxgwipfbfj.xn--p1ai,1,1
apps.microsoft.com,1,1
smartoo.ru,1,1
buhonline.ru,1,1
mwi.me,1,1
ru.pngtree.com,1,1
kontora.name,1,1
m.ok.ru,1,1
sape.ru,1,1
pechata4.ru,1,1
github.com,1,1
psdcollection.ru,1,1
medium.com,1,1
webmaster.md,1,1
pxstudio.pw,1,1
rugpt.io,1,1
print-cm.ru,1,1
niris.ru,1,1
apps.apple.com,1,1
nn.ad-factory.ru,1,1
cian.ru,1,1
xleb.studio,1,1
seonews.ru,1,1
ur66.ru,1,1
inspiro.ru,1,1
shopozz.ru,1,1
creation.seoven.ru,1,1
blog.sibirix.ru,1,1
work24.ru,1,1
dw24.su,1,1
my-nfc.ru,1,1
xn--b1afajebakfcyal1a3aj1m1a.xn--p1ai,1,1
printself.ru,1,1
ko-nnov.ru,1,1
alaev.net,1,1
mm.ru,1,1
opb-print.ru,1,1
site-4you.ru,1,1
seohead.pro,1,1
nrlprint.ru,1,1
theideal.ru,1,1
iphones.ru,1,1
seojazz.ru,1,1
jivo.ru,1,1
printvek.ru,1,1
cdto.work,1,1
top-bit.biz,1,1
kotraskraskin.ru,1,1
xn--80aqac2bi4c.xn--p1ai,1,1
marco-polo.pro,1,1
it-implant.ru,1,1
marmelad.digital,1,1
yourcf.ru,1,1
copyrus-nn.ru,1,1
printmatik.ru,1,1
template.paradigma.website,1,1
spb.yasite.ru,1,1
sankt-peterburg.webtoall.ru,1,1
pumpkinstudio.ru,1,1
nn.sllon.ru,1,1
r52.ru,1,1
goodprime.ru,1,1
lyubercy.mirmagnitov.ru,1,1
skillu.ru,1,1
figma.community,1,1
ganiev-marketing.ru,1,1
vechkasov.ru,1,1
bitoo.ru,1,1
ij.manual.canon,1,1
gradprint.ru,1,1
tenchat.ru,1,1
milira.ru,1,1
wptheme.us,1,1
impress-nn.ru,1,1
wbkp.ru,1,1
companies.rbc.ru,1,1
nt-nn.com,1,1
pixapp.ru,1,1
spbcopy.ru,1,1
adequo.ru,1,1
xn--80adegqbk0a5adl.xn--p1ai,1,1
dibor.ru,1,1
econnect.one,1,1
visme.co,1,1
tisso.ru,1,1
naje-s.ru,1,1
freepik.com,1,1
stock.adobe.com,1,1
stayer-nn.ru,1,1
kinetica.su,1,1
adobe.com,1,1
websniper.ru,1,1
printshopnn.ru,1,1
stav-dev.ru,1,1
qr-code-generator.online,1,1
egocards.ru,1,1
tel:%2b74956102140,1,1
intecweb.ru,1,1
sirius-print.ru,1,1
webrzn.ru,1,1
artara-nn.ru,1,1
smsvizitka.com,1,1
a2plus.online,1,1
soctag.ru,1,1
s3m.ru,1,1
sixh.ru,1,1
monobite.com,1,1
ofset.moscow,1,1
copyrov.ru,1,1
xn--e1affocgkp7a.xn--p1ai,1,1
ofitrade.ru,1,1
lipetsk.fas.gov.ru,1,1
newfk.ru,1,1
timer-print.ru,1,1
mvideo.ru,1,1
automaket.ru,1,1
pechatipochtoi.ru,1,1
kurs-design.ru,1,1
kupi-vse.ru,1,1
podolsk.rev-pro.ru,1,1
printair.ru,1,1
softportal.com,1,1
skyeng.ru,1,1
zaprintom.ru,1,1
wp-art.ru,1,1
hd-pechati.ru,1,1
cardregion.ru,1,1
comint.by,1,1
zakonrf.info,1,1
rpk-shrift.ru,1,1
vizdon.ru,1,1
vosprint.narod.ru,1,1
p-ms.ru,1,1
ya.ru,1,1
vinyl-market.ru,1,1
myt.pechatimos.ru,1,1
nolaplus.ru,1,1
xn----itbkgrhdgcdog.xn--p1ai,1,1
onlabel.ru,1,1
stickeronline.ru,1,1
uf-print.ru,1,1
forteprint.ru,1,1
press-in.ru,1,1
stickerboss.ru,1,1
starprint.pro,1,1
1cbit.ru,1,1
pechati.ru,1,1
dns-shop.ru,1,1
vizitka1.ru,1,1
prav.io,1,1
9111.ru,1,1
ekaterinburg.promportal.su,1,1
allcarton.ru,1,1
gifts-box.ru,1,1
shutterstock.com,1,1
