query,cluster,group,demand,comp,category
фотокнига,фотокнига,,2833,,PRINT
фотокнига на заказ,фотокнига на заказ,,1543,,PRINT
фотокниги,фотокнига,,1506,,PRINT
фабрика фотокниги,фабрика фотокниги,,1272,,PRINT
фотокнига на заказ москва,фотокнига на заказ,,1170,,PRINT
печать фотокниг,фотокнига,,1163,,PRINT
периодика фотокниги официальный сайт,периодика,,958,,NONTARGET
заказать фотокнигу,фотокнига,,844,,PRINT
vigbo,вигбо,,805,,BRANDED
фотокниги премиум класса,фотокниги премиум класса,,666,,PRINT
свадебная фотокнига,свадебная фотокнига,,556,,PRINT
печать фотокниги в москве,фотокнига,,529,,PRINT
фотокнига онлайн создать и напечатать,фотокнига на заказ,,520,,PRINT
фотокниги на заказ в москве,фотокнига на заказ,,485,,PRINT
печать фотокниги,фотокнига,,480,,PRINT
фотокнига онлайн,фотокнига,,475,,PRINT
фотоальбом на заказ москва,фотокнига на заказ,,469,,PRINT
создать фотокнигу,фотокнига онлайн создать и напечатать,,443,,PRINT
фотокнига заказать,фотокнига,,442,,PRINT
напечатать фотокнигу,фотокнига на заказ,,437,,PRINT
фотокнига москва,фотокнига,,425,,PRINT
заказать фотокнигу в москве,фотокнига на заказ,,416,,PRINT
премиум фотокниги,фотокниги премиум класса,,414,,PRINT
фотокниги москва,фотокнига,,413,,PRINT
фотокнига премиум,фотокниги премиум класса,,413,,PRINT
премиум фотокнига,фотокниги премиум класса,,408,,PRINT
изготовление фотокниг,фотокнига,,405,,PRINT
фотокнига на заказ онлайн,фотокнига,,400,,PRINT
фотокнига день рождения,фотокнига день рождения,,395,,PRINT
свадебная фотокнига заказать,свадебная фотокнига,,394,,PRINT
изготовление фотокниг москва,фотокнига,,392,,PRINT
фотокниги на заказ,фотокнига на заказ,,389,,PRINT
оформление свадебной фотокниги,фотокнига свадебная,,386,,PRINT
распечатать фотокнигу,фотокнига,,384,,PRINT
изготовление фотокниги на заказ,фотокнига на заказ,,382,,PRINT
фотокниги онлайн,фотокнига на заказ,,378,,PRINT
заказ фотокниг,фотокнига на заказ,,377,,PRINT
фотокнига в подарок,фотокнига,,375,,PRINT
создание фотокниги,фотокнига онлайн создать и напечатать,,375,,PRINT
производство фотокниг,фотокнига,,369,,PRINT
свадебная фотокнига цена,свадебная фотокнига,,365,,PRINT
фотокнига срочно,срочная печать фотокниги,,362,,PRINT
заказать свадебную фотокнигу,свадебная фотокнига,,358,,PRINT
срочная печать фотокниги,срочная печать фотокниги,,353,,PRINT
фотокнига на юбилей,фотокнига на юбилей,,350,,PRINT
альбомы школьные,выпускной альбом,,349,,PRINT
фотокниги заказать онлайн,фотокнига,,348,,PRINT
оригинальные фотокниги,фотокнига,,346,,PRINT
фотокнига купить,фотокнига,,346,,PRINT
создать фотокнигу онлайн и заказать,фотокнига,,344,,PRINT
фотокнига печать,фотокнига на заказ,,340,,PRINT
фотокнига заказать онлайн,фотокнига,,335,,PRINT
семейная фотокнига,семейная фотокнига,,335,,PRINT
фотокнига свадебная,свадебная фотокнига,,333,,PRINT
напечатать фотокнигу онлайн,фотокнига,,331,,PRINT
заказать фотокнигу москва,фотокнига на заказ,,330,,PRINT
напечатать фотокнигу в москве,фотокнига,,324,,PRINT
фотокнига заказать москва,фотокнига,,321,,PRINT
фотокнига свадьба,свадебная фотокнига,,318,,PRINT
печать свадебной фотокниги,свадебная фотокнига,,317,,PRINT
фотокнига цена,фотокнига на заказ,,311,,PRINT
изготовление фотокниги на заказ в москве,фотокнига,,311,,PRINT
печать фотокниги через интернет,фотокнига,,308,,PRINT
фотокнига на заказ москва недорого,фотокнига на заказ,,307,,PRINT
свадебные фотокниги на заказ,свадебная фотокнига,,307,,PRINT
изготовление фотоальбомов на заказ и фотокниг,фотокнига на заказ,,306,,PRINT
заказать фотокнигу с фотографиями,фотокнига на заказ,,306,,PRINT
фотокнига дизайн,дизайн фотокниги,,306,,PRINT
создать фотокнигу онлайн и заказать москва,фотокнига,,306,,PRINT
свадебный альбом фотокнига,свадебная фотокнига,,305,,PRINT
дизайн фотокниги,дизайн фотокниги,,305,,PRINT
фотокнига для мамы,фотокнига для мамы,,299,,PRINT
фотокнига первый год жизни ребенка,фотокнига первый год жизни ребенка,,298,,PRINT
корпоративная фотокнига,корпоративная фотокнига,,297,,PRINT
фотокнига на юбилей мужчине,фотокнига на юбилей,,297,,PRINT
фотокнига срочно москва,срочная печать фотокниги,,297,,PRINT
фотокниги печать,фотокнига,,296,,PRINT
печать фотокнига,фотокнига на заказ,,296,,PRINT
создать и напечатать фотокнигу,фотокнига на заказ,,295,,PRINT
фотокнига в кожаном переплете,фотокнига в кожаном переплете,,294,,PRINT
где лучше заказать фотокнигу,где лучше заказать фотокнигу,,292,,PRINT
заказать фотокнигу с фотографиями через интернет,фотокнига на заказ,,290,,PRINT
фотокниги премиум,фотокниги премиум класса,,290,,PRINT
создать фотокнигу москва,фотокнига,,288,,PRINT
фотокнига путешествие,фотокнига путешествие,,288,,PRINT
онлайн фотокнига,фотокнига онлайн создать и напечатать,,287,,PRINT
фотокнига в подарок на день рождения,фотокнига,,287,,PRINT
фотокнига для ребенка,фотокнига первый год жизни ребенка,,286,,PRINT
новогодняя фотокнига,новогодняя фотокнига,,284,,PRINT
фотокниги изготовление,фотокнига,,284,,PRINT
дизайн фотокниги на заказ,дизайн фотокниги,,284,,PRINT
где заказать фотокнигу,фотокнига,,282,,PRINT
дизайн фотокниги цена,дизайн фотокниги цена,,281,,PRINT
фотокнигу заказать,фотокнига,,278,,PRINT
фотокнига с текстом на заказ,фотокнига на заказ,,277,,PRINT
изготовить фотокнигу в москве,фотокнига на заказ,,277,,PRINT
фотокнига для девочки,фотокнига для девочки,,277,,PRINT
фотокнига для мальчика,фотокнига для девочки,,273,,PRINT
печать фотокниг на заказ,фотокнига,,271,,PRINT
заказать фотокнигу с фотографиями в москве,фотокнига на заказ,,269,,PRINT
фотокнига в мягком переплете,фотокнига в мягком переплете,,260,,PRINT
заказать фотоальбом,фотоальбом,,254,,PRINT
периодика фотокниги,периодика,,238,,PRINT
варианты фотокниг,варианты фотокниг,,236,,PRINT
periodica фотокнига,периодика,,234,,BRANDED
периодика фотокнига,периодика,,224,,PRINT
печать фотокниги онлайн,фотокнига,,218,,PRINT
фотоальбом 4 класс,выпускной альбом 4 класс,,205,,PRINT
выпускные фотокниги,выпускной альбом,,201,,PRINT
дизайн фотокниг,дизайн фотокниги,,198,,PRINT
фотокнига на годовщину свадьбы,фотокнига свадебная,,188,,PRINT
фотокниги дизайн,дизайн фотокниги,,187,,PRINT
фотокнига создать и заказать,фотокнига на заказ,,177,,PRINT
детская фотокнига на заказ,фотокнига для девочки,,176,,PRINT
фабрика фотокниги fabrika-fotoknigi,фабрика фотокниги,,176,,BRANDED
фотокнига москва заказать,фотокнига,,175,,PRINT
фотокнига свадебная заказать,свадебная фотокнига,,174,,PRINT
wfolio личный кабинет,wfolio,,173,,BRANDED
печать фотокниги интернет,фотокнига на заказ,,172,,PRINT
фотокниги онлайн заказать,фотокнига,,171,,PRINT
фотокнига для новорожденного мальчика,фотокнига для новорожденного мальчика,,171,,PRINT
выпускной альбом 11,выпускной альбом 11 класс,,171,,PRINT
создание и печать фотокниги,печать фотокниг,,170,,PRINT
заказать фотокнига,фотокнига,,169,,PRINT
фотокнига заказать москва срочно,срочная печать фотокниги,,169,,PRINT
фотокнига журнал,фотокниги москва,,168,,PRINT
фотокнига мужчине,фотокнига на юбилей мужчине,,168,,PRINT
заказать фотоальбом на выпускной,выпускной альбом,,168,,PRINT
фотокнига онлайн заказать,фотокнига,,167,,PRINT
большая фотокнига,фотокнига,,167,,PRINT
выпускной альбом в саду,выпускные альбомы для детского сада,,166,,PRINT
фотокниги услуги,фотокнига на заказ,,165,,PRINT
фотокнига семейная,семейная фотокнига,,165,,PRINT
фотокниги для детей,фотокнига первый год жизни ребенка,,164,,PRINT
виды фотокниг,виды фотокниг,,164,,PRINT
фотокнига родителям,семейная фотокнига,,163,,PRINT
фотокниги премиум класса москва,фотокниги премиум класса,,163,,PRINT
фотокнига премиум для фотографов,фотокниги премиум класса,,163,,PRINT
фотокниги интернет магазин,фотокнига,,161,,PRINT
фотокнига на пружине,фотокнига на пружине,,161,,PRINT
фотокнига цена москва,фотокнига на заказ,,160,,PRINT
фотокнига купить москва,фотокнига,,159,,PRINT
фотокниги для фотографа,фотокнига на заказ,,159,,PRINT
изготовить фотокнигу,фотокнига на заказ,,159,,PRINT
детскую фотокнигу заказать,фотокнига для девочки,,159,,PRINT
красивые свадебные фотокниги,свадебная фотокнига,,159,,PRINT
фотокнига семья,семейная фотокнига,,158,,PRINT
выпускные фотокниги для детского сада,выпускные альбомы для детского сада,,158,,PRINT
фотокнига детский сад,выпускные альбомы для детского сада,,157,,PRINT
фотокнига в твердом переплете заказать,фотокнига в твердом переплете заказать,,156,,PRINT
выпускной альбом садик спб,выпускной альбом садик спб,,156,,PRINT
фотокнига на юбилей маме,фотокнига на юбилей маме,,155,,PRINT
печать фотокниг для фотографов в москве,печать фотокниги в москве,,154,,PRINT
свадебная фотокнига на заказ,свадебная фотокнига,,153,,PRINT
выпускной альбом 9 класс заказать в москве,выпускной альбом 9 класс,,146,,PRINT
заказать фотокниги,фотокнига,,144,,PRINT
фотокнига онлайн создать и напечатать москва,фотокнига,,144,,PRINT
альбом для выпускного,выпускной альбом,,141,,PRINT
принтбук официальный сайт,принтбук,,138,,NONTARGET
фотокнига netprint нетпринт купить,нетпринт,,135,,BRANDED
фотокнига детская,фотокнига первый год жизни ребенка,,132,,PRINT
альбом с дополненной реальностью,альбом с дополненной реальностью,,132,,PRINT
детская фотокнига,фотокнига первый год жизни ребенка,,128,,PRINT
фотоальбом выпускника 4 класса,выпускной альбом 4 класс,,127,,PRINT
periodica,периодика,,122,,BRANDED
свадебную фотокнига купить,свадебная фотокнига,,118,,PRINT
родословная фотокнига,родословная фотокнига,,113,,PRINT
изготовление фотокниги,фотокнига на заказ,,112,,PRINT
фотокнига премиум в мягкой обложке 18х13 нетпринт купить,фотокнига премиум в мягкой обложке 18х13 нетпринт купить,,110,,PRINT
альбом выпускника 11 класса,выпускной альбом 11 класс,,110,,PRINT
нетпринт промокоды,промокод нетпринт,,108,,PRINT
альбом первоклассника,альбом первоклассника,,108,,PRINT
фотокнига минибук 18х13 netprint нетпринт купить,фотокнига минибук 18х13 netprint нетпринт купить,,103,,BRANDED
сертификат на фотокнигу,сертификат на фотокнигу,,102,,PRINT
галицын,голицын,,101,,PRINT
выпускной альбом для школы,выпускной альбом,,101,,PRINT
фотокнига минибук 18х13 нетпринт купить,фотокнига минибук 18х13 нетпринт купить,,100,,PRINT
выпускной фотоальбом детский сад,выпускные альбомы для детского сада,,98,,PRINT
свадебная фотокнига на заказ москва,свадебная фотокнига,,97,,PRINT
заказ фотокниги,фотокнига,,96,,PRINT
выпускные альбомы садик,выпускные альбомы для детского сада,,90,,PRINT
заказать альбом,фотоальбом,,90,,PRINT
альбом для 4 класса выпускной,выпускной альбом 4 класс,,89,,PRINT
альбомы для 4 класса выпускные,выпускной альбом 4 класс,,88,,PRINT
заказать фотоальбом на выпускной 4 класс,выпускной альбом 4 класс,,88,,PRINT
фотокнига layflat москва,фотокнига layflat москва,,84,,BRANDED
фабрика фотокниг,фабрика фотокниги,,83,,PRINT
фотокниги нетпринт купить,фотокниги нетпринт купить,,83,,PRINT
фотокнига минибук netprint нетпринт купить,фотокнига минибук netprint нетпринт купить,,82,,BRANDED
фотоальбом для выпускников детского сада,выпускные альбомы для детского сада,,82,,PRINT
выпускные фотоальбомы москва,выпускной альбом,,82,,PRINT
печать альбомов москва,фотокнига на заказ,,76,,PRINT
фотокнига на выпускной 4 класс,выпускной альбом 4 класс,,75,,PRINT
примеры фотокниг,примеры фотокниг,,75,,PRINT
альбом 4 класса,выпускной альбом 4 класс,,75,,PRINT
сколько стоит фотокнига,распечатать фотокнигу,,74,,PRINT
стоимость фотокниги,печать фотокниг,,74,,PRINT
фотокнига 4 класс,выпускной альбом 4 класс,,74,,PRINT
фотоальбом класса,выпускной альбом,,71,,PRINT
печать фотокниг москва,печать фотокниг,,70,,PRINT
фотокнига выпускной в детском саду,выпускные альбомы для детского сада,,70,,PRINT
выпускной альбом для начальной школы,выпускной альбом 4 класс,,70,,PRINT
школьная фотокнига,выпускные альбомы,,69,,PRINT
заказать фотокнигу wedfotobook,заказать фотокнигу wedfotobook,,69,,BRANDED
идеи для фотокниги,варианты фотокниг,,68,,INFO
красивые фотокниги,фотокнига,,67,,PRINT
школьный фотоальбом заказать,выпускной альбом,,67,,PRINT
фотоальбом заказать,фотоальбом,,66,,PRINT
фотокниги образцы,варианты фотокниг,,65,,PRINT
65,фотокнига,,65,,PRINT
фотокниги примеры работ,примеры фотокниг,,65,,PRINT
фотоальбом на заказ выпускной,выпускные альбомы,,65,,PRINT
фотокнига хорошего качества,фотокниги,,64,,PRINT
заказать фотокнигу с фотографиями через интернет с доставкой,фотокнига,,64,,PRINT
фотокнига выпускной альбом,выпускной альбом,,64,,PRINT
альбом на выпускной детский сад,выпускные альбомы для детского сада,,64,,PRINT
фотокниги цена,распечатать фотокнигу,,63,,PRINT
трюмо фотокнига,выпускной альбом трюмо,,63,,PRINT
фабрика фотокниги fabrika-fotoknigi официальный сайт,фабрика фотокниги,,63,,NONTARGET
фотоальбомы выпускные 11 класс,выпускной альбом 11 класс,,63,,PRINT
детские фотоальбомы на выпускной в саду,выпускные альбомы для детского сада,,63,,PRINT
печать фотокниги цена,фотоальбом на заказ,,62,,PRINT
фотоальбомы детский сад,выпускные альбомы для детского сада,,62,,PRINT
печать альбома,фотокнига на заказ,,62,,PRINT
фотокнигу заказать онлайн,фотокнига,,61,,PRINT
фотоальбомы для детского сада на выпускной,выпускные альбомы для детского сада,,61,,PRINT
дизайн выпускного альбома 4 класс,выпускной альбом 4 класс,,61,,PRINT
фотографии на выпускной альбом 4 класс,выпускной альбом 4 класс фото,,61,,PRINT
дизайн выпускных альбомов 4 класс,выпускной альбом 4 класс,,60,,PRINT
экспресс печать фотокниги,срочная печать фотокниги,,59,,PRINT
фотокнига минибук нетпринт купить,фотокнига минибук 18х13 нетпринт купить,,59,,PRINT
варианты выпускных альбомов 4 класс,выпускной альбом 4 класс,,59,,PRINT
фотоальбом выпускной 4 класс,выпускной альбом 4 класс,,59,,PRINT
фотоальбом выпускной в детском саду,выпускные альбомы для детского сада,,59,,PRINT
фотоальбомы выпускные для детского сада,выпускные альбомы для детского сада,,57,,PRINT
альбом в садик на выпускной,выпускные альбомы для детского сада,,57,,PRINT
альбом для фотографий детский сад,выпускные альбомы для детского сада,,57,,PRINT
кутюр бук фотокниги,couture book,,55,,PRINT
выпускные фотокниги москва,школьный альбом,,55,,PRINT
фотокнига быстро,срочная печать фотокниги,,55,,PRINT
55,фотокнига на заказ,,55,,PRINT
фотоальбом на заказ детский,фотокнига для девочки,,55,,PRINT
альбом на выпускной в детский сад,выпускные альбомы для детского сада,,55,,PRINT
выпускной альбом в сад,выпускные альбомы для детского сада,,55,,PRINT
фотодом печать фотокниг,фотодом,,54,,PRINT
альбом для 11 класса на выпускной,выпускной альбом 11 класс,,54,,PRINT
альбомы на выпускной в детском,выпускные альбомы для детского сада,,54,,PRINT
оживающий фотоальбом,альбом с дополненной реальностью,,54,,PRINT
школьные альбомы 11 класс,выпускной альбом 11 класс,,54,,PRINT
альбом школьный выпускной 4 класс,выпускной альбом 4 класс,,53,,PRINT
альбомы для детского сада выпускной,выпускные альбомы для детского сада,,53,,PRINT
фотоальбомы 4 класс,выпускной альбом 4 класс,,52,,PRINT
фотоальбом для 4 класса выпускной,выпускной альбом 4 класс,,52,,PRINT
фотоальбомы 4 класс выпускной,выпускной альбом 4 класс,,52,,PRINT
выпускные фотоальбомы детский сад,выпускные альбомы для детского сада,,52,,PRINT
школьные выпускные альбомы 9 класс,выпускной альбом 9 класс,,52,,PRINT
подарочный сертификат на фотокнигу,сертификат на фотокнигу,,51,,PRINT
альбом первоклассника фотокнига,альбом первоклассника,,51,,PRINT
лучшие фотокниги libraryphoto ru,лучшие фотокниги libraryphoto ru,,51,,BRANDED
свадебная книга,свадебная фотокнига,,51,,PRINT
выпускной альбом начальная школа 4 класс,выпускной альбом 4 класс,,51,,PRINT
альбом в садик на выпускной москва,выпускные альбомы для детского сада,,51,,PRINT
выпускной фотоальбом в детском саду москва,выпускные альбомы для детского сада,,51,,PRINT
фотоальбом на выпускной детского сада,выпускные альбомы для детского сада,,51,,PRINT
альбом для выпускников 4 класса,выпускной альбом 4 класс,,51,,PRINT
альбомы для выпускного в детском саду,выпускные альбомы для детского сада,,51,,PRINT
фотокнига за 1 день,срочная печать фотокниги,,50,,PRINT
свадебные фотокниги,свадебная фотокнига,,50,,PRINT
свадебная фотокнига онлайн,свадебная фотокнига,,50,,PRINT
создать фотокнигу онлайн,фотоальбом онлайн создать и напечатать,,50,,PRINT
альбом на выпускной 4 класс москва,выпускной альбом 4 класс,,50,,PRINT
фотоальбом выпускной 4 класс москва,выпускной альбом 4 класс,,50,,PRINT
фотоальбомы школьные 4 класс,выпускной альбом 4 класс,,50,,PRINT
распечатать альбом,фотокнига на заказ,,50,,PRINT
выпускной альбом 11 класс фото,выпускной альбом 11 класс,,49,,PRINT
выпускной в детском саду фотоальбом,выпускные альбомы для детского сада,,49,,PRINT
детский выпускной альбом для детского сада,выпускные альбомы для детского сада,,49,,PRINT
альбом 4 класс выпускной цена,выпускной альбом 4 класс,,49,,PRINT
альбомы школьные выпускные 11 класс,выпускной альбом 11 класс,,49,,PRINT
альбомы выпускников 11 класса,выпускной альбом 11 класс,,49,,PRINT
фотоальбом детского сада,выпускные альбомы для детского сада,,49,,PRINT
фотоальбомы выпускникам 4 класса,выпускной альбом 4 класс,,49,,PRINT
выпускной в детском саду альбом заказать,выпускные альбомы для детского сада,,49,,PRINT
выпускные альбомы из детского сада,выпускные альбомы для детского сада,,49,,PRINT
фотокнига заказ,фотокнига,,48,,PRINT
фабрика фотокнига,фабрика фотокниги,,48,,PRINT
фотофабрика фотокниги,фабрика фотокниги,,48,,PRINT
альбом для выпускников детского сада,выпускные альбомы для детского сада,,48,,PRINT
школьный выпускной альбом 4 класс,выпускной альбом 4 класс,,48,,PRINT
выпускные альбомы в детский сад москва,выпускные альбомы для детского сада,,48,,PRINT
альбомы выпускные 11 класс современные,выпускной альбом 11 класс,,48,,PRINT
свадебный фотокнига оформление,свадебная фотокнига,,47,,PRINT
детские выпускные альбомы для детского сада москва,выпускные альбомы для детского сада,,47,,PRINT
выпускной альбом для сада,выпускные альбомы для детского сада,,47,,PRINT
альбомы выпускникам 11 класса,выпускной альбом 11 класс,,47,,PRINT
выпускной альбом 4,выпускной альбом 4 класс,,47,,PRINT
лучшие фотокниги,лучшие фотокниги,,46,,PRINT
создание фотокниги онлайн,фотоальбом онлайн,,46,,PRINT
periodika,периодика,,46,,BRANDED
детский фотоальбом на заказ,выпускные альбомы для детского сада,,46,,PRINT
печать фотоальбома в твердой обложке москва,печать альбома с фотографиями в твердой обложке,,46,,PRINT
изготовление альбомов с фотографиями на заказ,фотокнига на заказ,,45,,PRINT
фотокниги в твердой обложке,фотокниги в твердой обложке,,44,,PRINT
фотокниги свадебные,свадебная фотокнига,,44,,PRINT
фотокнига выпускника,выпускные альбомы,,44,,PRINT
альбом свадебный заказать,свадебная фотокнига,,44,,PRINT
напечатать альбом,фотокнига,,44,,PRINT
фотокнига на заказ спб,фотокнига на заказ спб,,43,,PRINT
фотокниги оптом,фотокниги оптом,,43,,PRINT
фотокнига на 18 лет,фотокнига,,43,,PRINT
срочная печать фотокниги couturebook ru,couture book,,43,,BRANDED
заказать фотокниги на цопы ру,заказать фотокниги на цопы ру,,43,,PRINT
фотосессия в детском саду для выпускного альбома,фотограф в детский сад,,43,,PRINT
печать выпускных фотоальбомов,выпускные альбомы,,43,,PRINT
фотокниги заказать,фотокнига,,42,,PRINT
печать фотокниг в москве,фотоальбом на заказ,,42,,PRINT
изибук фотокниги,изибук,,42,,PRINT
стильные выпускные альбомы для детского сада,выпускные альбомы для детского сада,,42,,PRINT
фотокниги в твердой обложке москва,фотокниги в твердой обложке москва,,41,,PRINT
фотокнига школа выпуск,выпускной альбом,,41,,PRINT
фотокнига недорого,фотокнига,,41,,PRINT
школьные фотокниги,выпускные альбомы москва,,41,,PRINT
фотокниги в твердой обложке москва на цопы ру,фотокниги в твердой обложке москва на цопы ру,,41,,PRINT
фотоальбом печать,фотокнига на заказ,,41,,PRINT
фотокнига садик купить,детские выпускные альбомы,,40,,PRINT
фотокнига онлайн сад,альбом садик дизайн,,40,,PRINT
фотокнига сад авторская,альбом садик москва,,40,,PRINT
периодика отзывы фотокнига,периодика фотокнига,,40,,PRINT
создать фотокнигу couturebook ru,couture book,,40,,BRANDED
свадебная фотокнига примеры оформления,свадебный фотокнига оформление,,40,,PRINT
печать фотоальбомов в москве,фотокнига на заказ,,40,,PRINT
типография фотокниги,фотокнига на заказ,,39,,PRINT
фотокнига сад фото,детские выпускные альбомы,,39,,PRINT
фотокнига сад онлайн,альбом садик дизайн,,39,,PRINT
фотокнига сад заказать,фотокнига сад авторская,,39,,PRINT
заказать фотокнигу сад,выпускные альбомы для детского сада,,39,,PRINT
фотокнига выпускного,выпускной альбом,,39,,PRINT
периодика фотокнига отзывы,периодика фотокнига,,39,,PRINT
фотокнига срочно москва couturebook ru,couture book,,39,,BRANDED
свадебный альбом заказать,свадебная фотокнига,,39,,PRINT
выпускной альбом заказать онлайн,выпускной альбом,,39,,PRINT
альбом выпускной онлайн,выпускной альбом онлайн,,39,,PRINT
фотоальбом онлайн,фотоальбом онлайн создать и напечатать,,39,,PRINT
фотодом фотокниги,фотодом,,38,,PRINT
фотокнига самара,фотокнига самара,,38,,PRINT
альбом 11 класс фотокнига,выпускной альбом 11 класс,,38,,PRINT
фотокнига сад фотоальбом,детские выпускные альбомы,,38,,PRINT
фотокнига школа фотосессия,выпускные альбомы,,38,,PRINT
фотограф школа фотокнига,альбомы школьные,,38,,PRINT
фотокнига выпуск фото,фотокнига на заказ москва недорого,,38,,PRINT
фотокнига сад фотосессия,фотосессия в садике на выпускной альбом,,38,,PRINT
фотокнига дополненная сад,фотокнига сад авторская,,38,,PRINT
фотокнига на выпускной в детском саду,выпускные альбомы для детского сада,,38,,PRINT
фотокнига путешествий,фотокнига путешествие,,38,,PRINT
фотокнига школа дизайн,школьный альбом,,38,,PRINT
изготовить фотокнигу в москве myphotopages ru,мои фотостраницы,,38,,BRANDED
печать фотокниги couturebook ru,couture book,,38,,BRANDED
52 студия,студия 52,,38,,PRINT
альбом с фотографиями,фотоальбом,,38,,PRINT
альбом из фотографий на заказ в москве,фотокнига на заказ,,38,,PRINT
фотокниги в мягкой обложке,фотокнига в мягкой обложке,,37,,PRINT
заказать фотокнигу школа,выпускной альбом,,37,,PRINT
фотокнига школа индивидуальная,школьный альбом,,37,,PRINT
фотокнига школа фото,фотокнига школа москва,,37,,PRINT
фотокнига садик заказать,выпускные альбомы для детского сада,,37,,PRINT
фотокнига выпускной детский сад,выпускные альбомы для детского сада,,37,,PRINT
фотокнига сад дизайн,выпускные альбомы для детского сада,,37,,PRINT
фабрика фотокниги официальный сайт,фабрика фотокниги,,37,,NONTARGET
свадебный фотоальбом на заказ москва,свадебная фотокнига,,37,,PRINT
выпускные альбомы печать,школьные альбомы,,37,,PRINT
фотокниги сайт,фотокниги,,36,,NONTARGET
фотокниги фабрика,фабрика фотокниги,,36,,PRINT
фотокниги на заказ в спб,фотокнига на заказ спб,,36,,PRINT
сертификат на печать фотокниги,сертификат на фотокнигу,,36,,PRINT
фотокнига садик цена,выпускные альбомы для детского сада,,36,,PRINT
фотокнига школа заказать,выпускной альбом,,36,,PRINT
фотограф сад фотокнига,фотограф детсад фотоальбом,,36,,PRINT
фотокнига 11 класс купить,выпускной альбом 11 класс,,36,,PRINT
фотокнига школа москва,выпускной альбом,,36,,PRINT
фотокнига wedfotobook.ru,фотокнига wedfotobook.ru,,36,,BRANDED
фотокниги в мягкой обложке на цопы ру,фотокниги в мягкой обложке,,36,,PRINT
фотокнига newminik нетпринт купить,фотокнига newminik нетпринт купить,,36,,BRANDED
vfolio сайт фотографов,wfolio,,36,,NONTARGET
школьные альбомы печать,выпускной альбом,,36,,PRINT
фотокнига на заказ нижний новгород,фотокнига на заказ нижний новгород,,35,,PRINT
фотокнига школа печать,выпускной альбом,,35,,PRINT
фотокнига на заказ москва срочно,срочная печать фотокниги,,35,,PRINT
фотокнига срочно couturebook ru,couture book,,35,,BRANDED
фотокнига печать myphotopages ru,мои фотостраницы,,35,,BRANDED
периодика отзывы,периодика фотокнига,,35,,PRINT
дизайн выпускного альбома для детского сада,фотоальбом детский сад выпускной,,35,,PRINT
школьные альбомы на выпускной 9 класс примеры,выпускной альбом 9 класс,,35,,PRINT
распечатать альбом с фотографиями,фотокнига на заказ,,35,,PRINT
стильные альбомы на выпускной 4 класс,выпускной альбом 4 класс,,35,,PRINT
фотокнига сад печать,фотокнига сад фото,,34,,PRINT
фотокнига выпуск спб,фотокнига выпуск спб,,34,,PRINT
фотокнига детский сад выпускной,выпускные альбомы для детского сада,,34,,PRINT
34,выпускные альбомы для детского сада,,34,,PRINT
фотокнига дизайн couturebook ru,couture book,,34,,BRANDED
фотокниги изготовление myphotopages ru,мои фотостраницы,,34,,BRANDED
создание фотокниги couturebook ru,couture book,,34,,BRANDED
периодика фотокниги официальный,периодика,,34,,PRINT
выпускные альбомы 4 класса,выпускной альбом 4 класс,,34,,PRINT
идеи для выпускного альбома в 4 классе,выпускной альбом 4 класс фото,,34,,INFO
альбом на выпускной в 4 классе,выпускной альбом 4 класс,,34,,PRINT
выпускной альбом трюмо,выпускной альбом трюмо,,34,,PRINT
фотокниги 9 класс,выпускной альбом 9 класс,,33,,PRINT
печать фотокниги через интернет myphotopages ru,мои фотостраницы,,33,,BRANDED
фотокнига нетпринт купить,фотокнига netprint нетпринт купить,,33,,PRINT
ви фолио,wfolio,,33,,PRINT
выпускной альбом ру,школьный альбом,,33,,PRINT
альбом дети,фотокнига детский сад,,33,,PRINT
фотокнига официальный сайт,производство фотокниг,,32,,NONTARGET
где распечатывают фотокниги,печать фотокниг,,32,,PRINT
печать фотокниги москва,фотокнига на заказ,,32,,PRINT
фотокнига выпускной 9 класс,выпускной альбом 9 класс,,32,,PRINT
изготовление фотокниги на заказ couturebook ru,couture book,,32,,BRANDED
печать фотокниг couturebook ru,couture book,,32,,BRANDED
выпускной фотоальбом 4 класс примеры,выпускной альбом 4 класс,,32,,PRINT
выпускной фотоальбом 9 класс в современном стиле,выпускной альбом 9 класс,,32,,PRINT
фотокнига купон,промокод нетпринт,,31,,PRINT
типография фотокнига москва,фотокнига на заказ,,31,,PRINT
фотокнига на свадьбу,свадебная фотокнига,,31,,PRINT
фотокниги свадебные на заказ,свадебная фотокнига,,31,,PRINT
дизайн детской фотокниги,подъемные столы москва,,31,,PRINT
фотокниги libraryphoto ru,лучшие фотокниги libraryphoto ru,,31,,BRANDED
изготовление фотокниги на заказ в москве couturebook ru,couture book,,31,,BRANDED
фотокнига онлайн создать и напечатать couturebook ru,couture book,,31,,BRANDED
создать фотокнигу онлайн и заказать москва couturebook ru,couture book,,31,,BRANDED
мои фотостраницы печать фотокниг,мои фотостраницы,,31,,PRINT
выпускной альбом макет,шаблоны выпускных альбомов,,31,,PRINT
напечатать альбом с фотографиями в твердом переплете москва,печать фотоальбома в твердой обложке,,31,,PRINT
сколько стоит выпускной альбом в 4 классе,выпускной альбом 4 класс,,31,,PRINT
фотокнига на заказ недорого,фотокнига на заказ,,30,,PRINT
фотокниги на выпускной 4 класс,выпускной альбом 4 класс,,30,,PRINT
фотокнига выпускника 9 класса,выпускной альбом 9 класс,,30,,PRINT
фотокниги выпускные,выпускные фотокниги,,30,,PRINT
дизайн фотокниги на заказ couturebook ru,couture book,,30,,BRANDED
фотокнига премиум libraryphoto ru,фотокнига премиум libraryphoto ru,,30,,BRANDED
фотокнига libraryphoto ru,лучшие фотокниги libraryphoto ru,,30,,BRANDED
выпускной альбом в 4 классе,выпускной альбом 4 класс,,30,,PRINT
фото на выпускной альбом 4 класс варианты,выпускной альбом 4 класс фото,,30,,PRINT
фотоальбом 4 класс выпускной образцы,выпускной альбом 4 класс,,30,,PRINT
фотоальбом выпускной 4 класс образцы,выпускной альбом 4 класс,,30,,PRINT
школьные выпускные альбомы москва,выпускной альбом,,30,,PRINT
школьные фотоальбомы на выпускной 4 класс,выпускной альбом 4 класс,,30,,PRINT
школьные альбомы 4 класс выпуск,выпускной альбом 4 класс,,30,,PRINT
фотоальбом класса на выпускной,выпускные альбомы,,30,,PRINT
создать альбом с фотографиями онлайн,фотоальбом онлайн,,30,,PRINT
мягкие фотокнига,фотокнига в мягком переплете,,29,,PRINT
купон скидка фотокнига,фотокнига купон,,29,,PRINT
фотокнига выпускника детского сада,выпускные альбомы для детского сада,,29,,PRINT
фотокниги выпускной 9 класс,выпускной альбом 9 класс,,29,,PRINT
выпускные фотокниги 11 класс,выпускной альбом 11 класс,,29,,PRINT
фотокниги 11 класс выпускные,выпускной альбом 11 класс,,29,,PRINT
фотокниги на выпускной детский сад,выпускные альбомы для детского сада,,29,,PRINT
выпускные фотокниги заказать,выпускные альбомы,,29,,PRINT
фотокниги для выпускников 4 класса,выпускной альбом 4 класс,,29,,PRINT
фотокниги выпускные детский сад,выпускные альбомы для детского сада,,29,,PRINT
фотокнига для выпускников начальной школы,выпускной альбом 4 класс,,29,,PRINT
фотокниги выпускные 11 класс,выпускной альбом 11 класс,,29,,PRINT
фотокнига школьная,выпускные альбомы москва,,29,,PRINT
фотокниги детский сад,выпускные альбомы для детского сада,,29,,PRINT
фотокнига выпускной 11 класс,выпускной альбом 11 класс,,29,,PRINT
фотокнига для выпускного 4 класса,выпускной альбом 4 класс,,29,,PRINT
фотокниги выпускников 11 класса,выпускной альбом 11 класс,,29,,PRINT
фотокниги выпускной детский сад,выпускные альбомы для детского сада,,29,,PRINT
фотокнига на выпускной,выпускные альбомы,,29,,PRINT
распечатать фотокнигу myphotopages ru,мои фотостраницы,,29,,BRANDED
создать и напечатать фотокнигу couturebook ru,couture book,,29,,BRANDED
создать фотокнигу онлайн и заказать couturebook ru,couture book,,29,,BRANDED
напечатать фотокнигу в москве myphotopages ru,мои фотостраницы,,29,,BRANDED
фотокнига свадьба myphotopages ru,мои фотостраницы печать фотокниг,,29,,BRANDED
печать свадебной фотокниги myphotopages ru,мои фотостраницы,,29,,BRANDED
flashbook фотокниги,фотокнига онлайн,,29,,BRANDED
фотоальбом на выпускной 4,выпускной альбом 4 класс,,29,,PRINT
выпускной альбом детский сад обложка,выпускные альбомы для детского сада,,29,,PRINT
альбом выпускника 9 класса цена москва,выпускной альбом 9 класс,,29,,PRINT
обложки для выпускных альбомов 9 класс,выпускной альбом 9 класс,,29,,PRINT
альбом выпускной 11 класс дизайн,выпускной альбом 11 класс,,29,,PRINT
альбом для школы 4 класс,выпускной альбом 4 класс,,29,,PRINT
фотоальбом на выпускной 9 класс примеры,выпускной альбом 9 класс,,29,,PRINT
выпускные альбомы 4 класс фото,выпускной альбом 4 класс,,29,,PRINT
фотоальбом для сада на выпускной,выпускные альбомы для детского сада,,29,,PRINT
купоны на фотокниги,сколько промокодов можно ввести в нетпринт,,28,,PRINT
фотокнига для школы 4 класс,выпускной альбом 4 класс,,28,,PRINT
фотокниги начальная школа,выпускной альбом 4 класс,,28,,PRINT
фотокнига на выпускной 11 класс,выпускной альбом 11 класс,,28,,PRINT
фотокниги для выпускника детского сада,выпускные альбомы для детского сада,,28,,PRINT
фотокниги детский сад выпускной,выпускные альбомы для детского сада,,28,,PRINT
фотокнига выпускника 11 класса,выпускной альбом 11 класс,,28,,PRINT
фотокниги 4 класса для выпускников,выпускной альбом 4 класс,,28,,PRINT
фотокнига выпускника начальной школы,выпускной альбом 4 класс,,28,,PRINT
фотокниги на выпускной в детский сад,выпускные альбомы для детского сада,,28,,PRINT
выпускной альбом фотокнига,выпускной альбом,,28,,PRINT
фотокниги школьные,выпускной альбом,,28,,PRINT
фотокниги выпускной 4 класс,выпускной альбом 4 класс,,28,,PRINT
фотокниги на выпускной 11 класс,выпускной альбом 11 класс,,28,,PRINT
фотокнига выпускника 4 класса,выпускной альбом 4 класс,,28,,PRINT
фотокнига для выпускников 4 класса,выпускной альбом 4 класс,,28,,PRINT
фотокниги для детского сада на выпускной,выпускные альбомы для детского сада,,28,,PRINT
фотокнига на выпускной в саду,выпускные альбомы для детского сада,,28,,PRINT
фотокнига выпускника 9 класс,выпускной альбом 9 класс,,28,,PRINT
фотокнига для детского сада на выпускной,выпускные альбомы для детского сада,,28,,PRINT
фотокнига школьная 4 класс,выпускной альбом 4 класс,,28,,PRINT
фотокнига на выпускной в детский сад,выпускные альбомы для детского сада,,28,,PRINT
изготовление фотокниг москва couturebook ru,couture book,,28,,BRANDED
изготовление фотокниг myphotopages ru,мои фотостраницы,,28,,BRANDED
распечатать фотокнигу couturebook ru,кутюр бук фотокниги,,28,,BRANDED
фотокнига на заказ онлайн couturebook ru,couture book,,28,,BRANDED
выпускные альбомы 4 класс образцы,выпускной альбом 4 класс,,28,,PRINT
стильный выпускной альбом для детского сада,выпускные альбомы для детского сада,,28,,PRINT
выпускной фотоальбом 11 класс образцы,выпускной альбом 11 класс,,28,,PRINT
обложки выпускных альбомов 9 класс,выпускной альбом 9 класс,,28,,PRINT
обложка для выпускного альбома 4 класс,выпускной альбом 4 класс,,28,,PRINT
выпускной 4 класс фотоальбом образцы,выпускной альбом 4 класс,,28,,PRINT
обложка на выпускной альбом детский сад,выпускные альбомы для детского сада,,28,,PRINT
школьные фотоальбомы 9 класс на выпускной,выпускной альбом 9 класс,,28,,PRINT
выпускной альбом для садика,выпускные альбомы для детского сада,,28,,PRINT
обложки для выпускных альбомов 4 класс,выпускной альбом 4 класс,,28,,PRINT
школьный фотоальбом 1 класс,альбом первоклассника,,28,,PRINT
фотокнига через интернет,фотокнига,,27,,PRINT
фотокнига цены заказать,фотокнига,,27,,PRINT
фотокниги для 4 класса,выпускной альбом 4 класс,,27,,PRINT
фотокнига на выпускной в детском саду москва,выпускные альбомы для детского сада,,27,,PRINT
фотокнига выпускной в саду,выпускные альбомы для детского сада,,27,,PRINT
школьные фотокниги 4 класс,выпускной альбом 4 класс,,27,,PRINT
школьные фотокниги москва,выпускные альбомы,,27,,PRINT
детский сад фотокниги,выпускные альбомы для детского сада,,27,,PRINT
фотокнига 4 класс выпускной,выпускной альбом 4 класс,,27,,PRINT
фотокнига для выпускников детского сада,выпускные альбомы для детского сада,,27,,PRINT
фотокнига выпускной 4 класс москва,выпускной альбом 4 класс,,27,,PRINT
фотокнига для выпускника детского сада,выпускные альбомы для детского сада,,27,,PRINT
фотокнига выпускной 4 класс,выпускной альбом 4 класс,,27,,PRINT
фотокнига на выпускной 4 класса,выпускной альбом 4 класс,,27,,PRINT
фотокниги выпускной 11 класс,выпускной альбом 11 класс,,27,,PRINT
фотокниги для выпускного 4 класса,выпускной альбом 4 класс,,27,,PRINT
школьная фотокнига 4 класс,выпускной альбом 4 класс,,27,,PRINT
фотокнига выпускника школы,выпускные альбомы,,27,,PRINT
выпускная фотокнига,выпускные альбомы,,27,,PRINT
фотокнига для выпускников 9 класса,выпускной альбом 9 класс,,27,,PRINT
фотокниги выпускные 4 класс,выпускной альбом 4 класс,,27,,PRINT
фотокниги на выпускной 9 класс,выпускной альбом 9 класс,,27,,PRINT
фотокнига выпускник начальной школы,выпускной альбом 4 класс,,27,,PRINT
фотокнига на выпускной детский сад,выпускные альбомы для детского сада,,27,,PRINT
заказать фотокниги copy.ru,заказать фотокниги copy.ru,,27,,BRANDED
печать фотокниг на заказ myphotopages ru,мои фотостраницы,,27,,BRANDED
напечатать фотокнигу couturebook ru,couture book,,27,,BRANDED
печать фотокниги в москве couturebook ru,couture book,,27,,BRANDED
фотокнига в подарок libraryphoto ru,лучшие фотокниги libraryphoto ru,,27,,BRANDED
создать и напечатать фотокнигу myphotopages ru,мои фотостраницы,,27,,BRANDED
производство фотокниг couturebook ru,couture book,,27,,BRANDED
создать фотокнигу москва myphotopages ru,,,27,,BRANDED
что такое фотокнига,что такое фотокнига,,27,,INFO
мультифото промокод на скидку,мультифото промокод,,27,,PRINT
обложка выпускного альбома 4 класс,выпускной альбом 4 класс,,27,,PRINT
фото для выпускного альбома 4 класс,выпускной альбом 4 класс,,27,,PRINT
школьный альбом 9 класс пример,выпускной альбом 9 класс,,27,,PRINT
примеры фотоальбомов на выпускной 9 класс,выпускной альбом 9 класс,,27,,PRINT
сколько стоит выпускной альбом в детском саду,выпускные альбомы для детского сада,,27,,PRINT
дизайн школьного альбома 11 класс,выпускной альбом 11 класс,,27,,PRINT
фотоальбомы для детского сада на выпускной москва,выпускные альбомы для детского сада,,27,,PRINT
выпускной альбом в детский сад москва,выпускные альбомы для детского сада,,27,,PRINT
стильные выпускные альбомы для 11 класса,выпускной альбом 11 класс,,27,,PRINT
альбом детский сад выпускной заказать,выпускные альбомы для детского сада,,27,,PRINT
фотоальбом выпускника детского сада купить,выпускные альбомы для детского сада,,27,,PRINT
альбомы для выпускного в детском саду москва,выпускные альбомы для детского сада,,27,,PRINT
обложки на выпускной альбом 4 класс,выпускной альбом 4 класс,,27,,PRINT
обложка на выпускной альбом в детском саду,выпускные альбомы для детского сада,,27,,PRINT
альбом 9 класс выпускной 2024,выпускной альбом 9 класс,,27,,PRINT
современные выпускные альбомы 9 класс,выпускной альбом 9 класс,,27,,PRINT
фотоальбом на выпускной в садик,выпускные альбомы для детского сада,,27,,PRINT
примеры школьных альбомов 9 класс,выпускной альбом 9 класс,,27,,PRINT
альбомы с фотографиями на заказ,фотокнига на заказ,,27,,PRINT
фотокнига скидка,купоны на фотокниги,,26,,PRINT
выпускные фотокниги оптом,фотокниги оптом,,26,,PRINT
выпускные фотокниги альбомы,выпускные альбомы,,26,,PRINT
фотокниги выпускников детского сада,выпускные альбомы для детского сада,,26,,PRINT
фотокниги выпускной альбом,выпускные альбомы,,26,,PRINT
фотокнига выпускнику детского сада,выпускные альбомы для детского сада,,26,,PRINT
фотокнига на выпускной в садик,выпускные альбомы для детского сада,,26,,PRINT
фотокнига на выпускной 4 класс москва,выпускной альбом 4 класс,,26,,PRINT
фотокниги выпускникам детского сада,выпускные альбомы для детского сада,,26,,PRINT
фотокниги для выпускников 9 класса,выпускной альбом 9 класс,,26,,PRINT
фотокниги выпускные 9 класс,выпускной альбом 9 класс,,26,,PRINT
дизайнер фотокниг,дизайн фотокниги цена,,26,,PRINT
дизайн фотокниги couturebook ru,couture book,,26,,BRANDED
фото книга на заказ,фотокнига на заказ,,26,,PRINT
дизайны выпускных альбомов 11 класс,выпускной альбом 11 класс,,26,,PRINT
фото для выпускного альбома 11 класс,выпускной альбом 11 класс,,26,,PRINT
фото выпускной альбом 4 класс,выпускной альбом 4 класс,,26,,PRINT
фото для выпускного альбома в детском саду,выпускные альбомы для детского сада,,26,,PRINT
дизайны альбомов выпускных 9 классов,выпускной альбом 9 класс,,26,,PRINT
альбом на выпускной 9 класс цена москва,выпускной альбом 9 класс,,26,,PRINT
заказать выпускной альбом для детского сада москва,выпускные альбомы для детского сада,,26,,PRINT
заказать школьный альбом на выпускной,выпускные альбомы москва,,26,,PRINT
выпускной альбом детский сад цена,выпускные альбомы для детского сада,,26,,PRINT
обложка для выпускного альбома 9 класс фото,выпускной альбом 9 класс,,26,,PRINT
обложки для выпускного альбома 9 класс,выпускной альбом 9 класс,,26,,PRINT
выпускные альбомы для детского сада москва недорого,выпускные альбомы для детского сада,,26,,PRINT
школьный альбом заказать в москве,выпускной альбом,,26,,PRINT
альбом для выпускников сада,выпускные альбомы для детского сада,,26,,PRINT
альбомы в детский сад на выпускной москва,выпускные альбомы для детского сада,,26,,PRINT
выпускной альбом для детского сада москва заказать,выпускные альбомы для детского сада,,26,,PRINT
фотоальбом для выпускного в детском,выпускные альбомы для детского сада,,26,,PRINT
фотокниги школа,выпускной альбом,,25,,PRINT
фотокнига в мягкой обложке,фотокнига в мягком переплете,,25,,PRINT
фотокнига на заказ детский сад,выпускные альбомы для детского сада,,25,,PRINT
фотокниги на выпускной в детском саду,выпускной альбом детский сад,,25,,PRINT
фотокниги выпускной в детском саду,фото на выпускной альбом в детском саду,,25,,PRINT
фотокниги школьные на заказ,выпускные альбомы москва,,25,,PRINT
фотокнига детский сад выпускной цена,выпускные альбомы для детского сада,,25,,PRINT
выпускной альбом фотокниги,выпускные альбомы,,25,,PRINT
фотокниги для детского сада,выпускные альбомы для детского сада,,25,,PRINT
создать фотокнигу онлайн и заказать myphotopages ru,мои фотостраницы,,25,,BRANDED
фотокниги премиум класса libraryphoto ru,фотокниги премиум класса,,25,,BRANDED
создать фотокнигу москва couturebook ru,couture book,,25,,BRANDED
фотокнига 15 на 15 нетпринт,фотокнига стандарт в мягкой обложке 20×15 нетпринт купить,,25,,PRINT
фотокнига стандарт в мягкой обложке 20х15см netprint нетпринт купить,фотокнига стандарт в мягкой обложке 20×15 нетпринт купить,,25,,BRANDED
фотокнига стандарт в мягкой обложке 20х15см нетпринт купить,фотокнига стандарт в мягкой обложке 20×15 нетпринт купить,,25,,PRINT
альбомы для выпускников 4 класса образец,выпускной альбом 4 класс,,25,,INFO
фото выпускников 9 класса для альбома,выпускной альбом 9 класс,,25,,PRINT
фотограф на выпускной 4 класс москва,выпускной альбом 4 класс фото,,25,,PRINT
дизайн альбома выпускника 11 класса,выпускной альбом 11 класс,,25,,PRINT
примеры выпускных альбомов 4 класс,выпускной альбом 4 класс,,25,,PRINT
фотоальбом на заказ детский сад,выпускные альбомы для детского сада,,25,,PRINT
дизайн выпускных альбомов 9 класс,выпускной альбом 9 класс,,25,,PRINT
альбомы на выпускной 9 класс 2024 примеры,выпускной альбом 9 класс,,25,,PRINT
фото на выпускной в детском саду москва,фотоальбом детский сад выпускной,,25,,PRINT
выпускной альбом 9 класс фото,выпускной альбом 9 класс,,25,,PRINT
образец выпускного альбома 11 класс,выпускной альбом 11 класс,,25,,INFO
печать школьных альбомов москва для фотографов,альбом выпускных классов,,25,,PRINT
фотографии на выпускной 4 класс альбом,выпускной альбом 4 класс,,25,,PRINT
фото для детского сада на выпускной альбом,выпускные альбомы для детского сада,,25,,PRINT
фотоальбом выпускной в детском саду цена,выпускные альбомы для детского сада,,25,,PRINT
альбом для 11 класса на выпускной дизайн,выпускной альбом 11 класс,,25,,PRINT
лучшие выпускные альбомы для детского сада,выпускные альбомы для детского сада,,25,,PRINT
фотокнига 4 класс фотосессия,выпускной альбом 4 класс,,24,,PRINT
заказать фотокнигу онлайн,фотокнига,,24,,PRINT
фотокниги для выпускников детского сада,выпускные альбомы для детского сада,,24,,PRINT
школьный альбом фотокнига,выпускные альбомы,,24,,PRINT
фотокниги школьные дизайн,дизайн выпускного альбома,,24,,PRINT
24,свадебная фотокнига,,24,,PRINT
фотокнига онлайн создать,фотоальбом онлайн создать и напечатать,,24,,PRINT
фотокниги онлайн copy.ru,заказать фотокниги copy.ru,,24,,BRANDED
печать фотокниги в москве myphotopages ru,мои фотостраницы,,24,,BRANDED
изготовление фотокниг couturebook ru,couture book,,24,,BRANDED
фотокнига на заказ онлайн myphotopages ru,мои фотостраницы,,24,,BRANDED
дизайн фотокниги myphotopages ru,мои фотостраницы,,24,,BRANDED
нетпринт фотокнига,нетпринт,,24,,PRINT
фотокнига 4 класс примеры оформления,выпускной альбом 4 класс,,24,,PRINT
фотостудия для выпускного альбома детского сада,школьный альбом выпускной,,24,,PRINT
выпуск 4 класс альбом,выпускной альбом 4 класс,,24,,PRINT
фото на выпускной 4 класс для альбома,выпускной альбом 4 класс,,24,,PRINT
альбом выпускника 4 класса образец,выпускной альбом 4 класс,,24,,INFO
выпускной альбом 4 класс идеи,выпускной альбом 4 класс,,24,,INFO
альбомы на выпускной 11 класс примеры,выпускной альбом 11 класс,,24,,PRINT
дизайн выпускного альбома детский сад,фото на выпускной альбом детский сад,,24,,PRINT
выпускные альбомы 9 класс примеры,выпускной альбом 9 класс,,24,,PRINT
фотоальбом школьный 4 класс образец,выпускной альбом 4 класс,,24,,INFO
обложка выпускного альбома 9 класс,выпускной альбом 9 класс,,24,,PRINT
дизайн выпускных альбомов 11 класс,выпускной альбом для 11 класса москва,,24,,PRINT
копирка фотокнига,заказать фотокнигу,,23,,PRINT
пластик для фотокниг,пластик для фотокниг,,23,,PRINT
фотокниги выпускников 9 класса,выпускной альбом 9 класс,,23,,PRINT
фотокниги школьные фотоальбомы,заказать фотоальбом на выпускной,,23,,PRINT
фотокнига школьная дизайн,выпускной альбом дизайн,,23,,PRINT
создать фотокнигу онлайн и заказать москва myphotopages ru,мои фотостраницы,,23,,BRANDED
печать фотокниг на заказ couturebook ru,couture book,,23,,BRANDED
напечатать фотокнигу myphotopages ru,мои фотостраницы,,23,,BRANDED
изготовление фотокниг москва myphotopages ru,мои фотостраницы,,23,,BRANDED
фотокнига стандарт в мягкой обложке 20×15 нетпринт купить,фотокнига стандарт в мягкой обложке 20×15 нетпринт купить,,23,,PRINT
фотокнига 4 класс примеры,выпускной альбом 4 класс,,23,,PRINT
фото книга заказать,фотокнига,,23,,PRINT
фотоальбомы 4 класс примеры,выпускной альбом 4 класс,,23,,PRINT
фотографии на альбом в детском саду выпускной,выпускные альбомы для детского сада,,23,,PRINT
фотоальбом 4 класс образец,выпускной альбом 4 класс,,23,,INFO
печать выпускного альбома для детского сада,выпускные альбомы для детского сада,,23,,PRINT
фотоальбом на заказ детский сад выпускной москва,выпускные альбомы для детского сада,,23,,PRINT
примеры школьных альбомов 4 класс,выпускной альбом 4 класс фото,,23,,PRINT
создать альбом с фотографиями на заказ,фотокнига на заказ,,23,,PRINT
фотокнига первого года,фотокнига первый год жизни ребенка,,22,,PRINT
купон на фотокниги,промокод нетпринт,,22,,PRINT
фотокнига печать москва,печать фотокниг,,22,,PRINT
фотокниги школьные печать,современный школьный альбом,,22,,PRINT
фотокнига детский сад на заказ,альбом выпускника детского сада,,22,,PRINT
юбилейная фотокнига,фотокнига на юбилей,,22,,PRINT
напечатать фотокнигу в москве couturebook ru,couture book,,22,,BRANDED
фотокнига дизайн myphotopages ru,мои фотостраницы,,22,,BRANDED
изготовление фотокниги на заказ в москве myphotopages ru,мои фотостраницы,,22,,BRANDED
фотокнига на заказ wedfotobook,создание и печать фотокниги,,22,,BRANDED
нет принт сайт,нетпринт,,22,,NONTARGET
альбом онлайн,фотоальбом онлайн,,22,,PRINT
печать фотокниг для фотографов,печать фотокниг для фотографов,,21,,PRINT
купить фотокнигу,фотокниги москва,,21,,PRINT
фотокнига стоимость,фотокнига на заказ,,21,,PRINT
фотокнига на день рождения,фотоальбом на заказ,,21,,PRINT
свадебная фотокнига москва,свадебная фотокнига,,21,,PRINT
21,выпускной альбом 4 класс,,21,,PRINT
заказать фотокнигу wedfotobook.ru,заказать фотокнигу москва,,21,,BRANDED
периодика пресс фотокниги,периодика,,21,,PRINT
фотоальбом на заказ москва в подарок,фотокнига на заказ,,21,,PRINT
фотокнига из фотографий на заказ,фотокнига,,20,,PRINT
фотокниги москва москва,фотокнига заказать москва,,20,,PRINT
фотокнига создать,фотокнига онлайн создать и напечатать,,20,,PRINT
фотокнига заказ москва,фотокнига печать,,20,,PRINT
заказ фотокниги москва,фотокнига печать,,20,,PRINT
фотокнига онлайн создать и напечатать myphotopages ru,мои фотостраницы,,20,,BRANDED
фотокниги изготовление couturebook ru,couture book,,20,,BRANDED
фотокниги дизайн couturebook ru,couture book,,20,,BRANDED
напечатать фотокнигу онлайн myphotopages ru,мои фотостраницы,,20,,BRANDED
дизайн фотокниги на заказ myphotopages ru,мои фотостраницы,,20,,BRANDED
промокод на netprint,промокод нетпринт,,20,,BRANDED
школьный альбом дизайн,дизайн выпускного альбома,,20,,PRINT
создать фотоальбом онлайн и заказать,фотокнига на заказ,,20,,PRINT
фотокниги стоимость,фотокнига на заказ спб,,19,,PRINT
фотокнига с оживающими фото,оживающий фотоальбом,,19,,PRINT
альбом печать фотокниг,фотокнига на заказ,,19,,PRINT
печать свадебной фотокниги couturebook ru,couture book,,19,,BRANDED
печать фотокниг wedfotobook.ru,печать фотокниг москва,,19,,BRANDED
ксения федорова фотокниги,ксения федорова фотокниги,,18,,PRINT
фотокнига 15 на 15,фотокнига цена,,18,,PRINT
печать фотокниг myphotopages ru,мои фотостраницы,,18,,BRANDED
фотокниги wedfotobook.ru,фотокнига wedfotobook.ru,,18,,BRANDED
создание фотокниги myphotopages ru,мои фотостраницы,,18,,BRANDED
изготовление фотокниги на заказ myphotopages ru,мои фотостраницы,,18,,BRANDED
фотокнига недорого wedfotobook.ru,заказать фотокнигу wedfotobook.ru,,18,,BRANDED
полиграфическая фотокнига,фотокнига в подарок,,17,,PRINT
миронова фотокниги,миронова студио,,17,,PRINT
голицын фотокниги,голицын фотокниги,,17,,PRINT
заказать фотокнигу в москве с фотографиями,фотокнига на заказ,,17,,PRINT
фотокниги в москве,фотокнига на заказ,,17,,PRINT
печать выпускной фотокниги,выпускные альбомы,,17,,PRINT
фотокнига срочно myphotopages ru,мои фотостраницы,,17,,BRANDED
фотокнига купить wedfotobook.ru,фотокниги wedfotobook.ru,,17,,BRANDED
заказать фотокнигу недорого wedfotobook.ru,печать фотокниг wedfotobook.ru,,17,,BRANDED
фотокнига печать couturebook ru,couture book,,17,,BRANDED
печать фотокниги через интернет couturebook ru,couture book,,17,,BRANDED
изготовить фотокнигу в москве couturebook ru,couture book,,17,,BRANDED
couture book фотокниги,couture book,,17,,BRANDED
фотокнига нетпринт,нетпринт,,17,,PRINT
фотокнига стандарт 20*15 нетпринт купить,фотокнига стандарт в мягкой обложке 20×15 нетпринт купить,,17,,PRINT
фотоальбом на заказ в москве,фотокнига на заказ,,17,,PRINT
альбом фотокнига,фотокнига,,16,,PRINT
фотокнига отзывы,фотокнига отзывы,,16,,PRINT
собрать фотокнигу онлайн,фотоальбом онлайн создать и напечатать,,16,,PRINT
фотокнига жизни,фотокнига,,16,,PRINT
фотокнига друзья,фотокнига друзья,,16,,PRINT
фотокниги акции,фотокниги акции,,16,,PRINT
печать фотокниги в москве недорого хорошего качества,фотокнига на заказ,,16,,PRINT
фотокниги на заказ москва,фотокнига на заказ,,16,,PRINT
заказ фотокниги через интернет,фотокнига,,16,,PRINT
фотокнига свадьба couturebook ru,фото книги couturebook ru,,16,,BRANDED
myphotopages,мои фотостраницы,,16,,BRANDED
фотодом выпускные альбомы,фотодом,,16,,PRINT
изготовление фотоальбома,фотокнига на заказ,,16,,PRINT
выпускной альбом для детского сада шаблоны,фон для альбома на выпускной детский сад,,16,,INFO
создать альбом с фотографиями,фотокнига онлайн создать и напечатать,,16,,PRINT
фотокниги печать москва,печать фотокниг,,15,,PRINT
срочная печать фотокниги за 1 день москва,срочная печать фотокниги,,15,,PRINT
фотокнига multifoto.ru,заказать альбом multifoto.ru,,15,,BRANDED
печать фотокниги myphotopages ru,,,15,,BRANDED
фотокнига заказать wedfotobook.ru,заказать фотокнигу wedfotobook.ru,,15,,BRANDED
свадебная фотокнига wedfotobook.ru,свадебная фотокнига,,15,,BRANDED
напечатать фотокнигу онлайн couturebook ru,couture book,,15,,BRANDED
фотокнига срочно москва myphotopages ru,мои фотостраницы,,15,,BRANDED
мультифото промокод на первый заказ,мультифото промокод,,15,,PRINT
нетпринт подарочный сертификат,нетпринт сертификат,,15,,PRINT
фотоальбом на заказ свадебный,свадебная фотокнига,,15,,PRINT
фотоальбомы на заказ москва,фотокнига,,15,,PRINT
первые знания фотокниги формы,первые знания фотокниги формы,,14,,PRINT
студия 52 фотокниги официальный сайт,студия 52,,14,,NONTARGET
фотокнига на 18 лет сыну,фотокнига на 18 лет,,14,,PRINT
печать фотокнига couturebook ru,couture book,,14,,BRANDED
детская фотокнига bom albom,бом альбом,,14,,BRANDED
фотокнига премиум в мягкой обложке 18х13 нетпринт,фотокнига премиум в мягкой обложке 18х13 нетпринт,,14,,PRINT
netprint фотокнига нетпринт купить,нетпринт,,14,,BRANDED
фотокнига минибук 18х13 нетпринт,фотокнига минибук 18х13 netprint нетпринт купить,,14,,PRINT
фотокнига стандарт мягкая обложка нетпринт купить,фотокнига стандарт в мягкой обложке 20×15 нетпринт купить,,14,,PRINT
нетпринт промослово,промокод нетпринт,,14,,PRINT
fabrika fotoknigi,фабрика фотокниги,,14,,BRANDED
изготовление фотоальбома на заказ,фотокнига на заказ,,14,,PRINT
фотоальбом свадебный заказать,свадебная фотокнига,,14,,PRINT
фотоальбом планшет,альбом планшет на выпускной как выглядит,,14,,PRINT
изибук фотокниги отзывы,изибук,,13,,PRINT
собрать фотокнигу,фотокнига онлайн создать и напечатать,,13,,PRINT
мои фото страницы печать фотокниг,мои фотостраницы,,13,,PRINT
принтбук официальный сайт фотокниги,фотобук,,13,,NONTARGET
фотосфера фотокниги,фотосфера фотокниги,,13,,PRINT
фотокниги для выпускников,выпускные фотокниги,,13,,PRINT
фотокниги срочно,срочная печать фотокниги,,13,,PRINT
фотокнига 20×15 в мягкой обложке нетпринт купить,фотокнига 20×15 в мягкой обложке нетпринт купить,,13,,PRINT
производство альбомов,печать фотокниг,,13,,PRINT
книгорама фотокниги,книгорама,,12,,PRINT
стильные фотокниги,фотокнига,,12,,PRINT
детская фотокнига бом альбом,бом альбом,,12,,PRINT
фотокнига в подарок при 12 часах свадебной фотосъемки,фотокнига в подарок при 12 часах свадебной фотосъемки,,12,,PRINT
срочная печать фотокниг,срочная печать фотокниги,,12,,PRINT
12,выпускные альбомы,,12,,PRINT
шаблоны фотокниг,шаблоны фотокниг,,12,,INFO
фотокнига wedfotobook,фотокнига москва wedfotobook.ru,,12,,BRANDED
фотокнига москва wedfotobook.ru,фотокнига wedfotobook.ru,,12,,BRANDED
где лучше заказать фотокнигу couturebook ru,couture book,,12,,BRANDED
фотокнига стоимость wedfotobook.ru,фотокнига стоимость wedfotobook.ru,,12,,BRANDED
создать фотокнигу myphotopages ru,мои фотостраницы печать фотокниг,,12,,BRANDED
срочная печать фотокниги myphotopages ru,мои фотостраницы,,12,,BRANDED
фотокнига couturebook ru,couture book,,12,,BRANDED
оригинальные фотокниги libraryphoto ru,лучшие фотокниги libraryphoto ru,,12,,BRANDED
фотокнига 15*15 нетпринт отзыв,фотокнига 15*15 нетпринт отзыв,,12,,PRINT
фотокниги нетпринт,нетпринт,,12,,PRINT
типография печать альбомов,фотокнига на заказ,,12,,PRINT
выпускной фотоальбом класса,выпускной альбом,,12,,PRINT
фотоальбом для новорожденных,альбом для новорожденного,,12,,PRINT
фотокниги нижний новгород,фотокнига на заказ нижний новгород,,11,,PRINT
фотокниги заказ,заказ фотокниг,,11,,PRINT
коробук фотокнига,коробук,,11,,PRINT
печать фотокниги в москве недорого,фотокнига на заказ,,11,,PRINT
фотокниги на заказ в москве недорого,фотокнига на заказ,,11,,PRINT
печать фотокниги на заказ,фотокнига,,11,,PRINT
фотокнига 9 класс выпускной,выпускной альбом 9 класс,,11,,PRINT
фотокниги на выпускной,выпускные фотокниги,,11,,PRINT
свадебные фотокниги москва,свадебная фотокнига,,11,,PRINT
федорова макеты фотокниг,ксения федорова фотокниги,,11,,PRINT
11,выпускной альбом 9 класс,,11,,PRINT
фотокниги москва wedfotobook.ru,фотокнига wedfotobook.ru,,11,,BRANDED
печать фотокниги multifoto.ru,мультифото.ру официальный сайт,,11,,BRANDED
что такое фотокнига и зачем она нужна,что такое фотокнига,,11,,INFO
netprint скидка на первый заказ,промокод нетпринт,,11,,BRANDED
журнал с фотографиями в подарок,сделать журнал в подарок на день рождения,,11,,PRINT
промокоды периодика,периодика промокод,,11,,PRINT
фотопечать альбомов,фотокнига на заказ,,11,,PRINT
альбом с фотографиями на заказ в виде книги москва,фотокнига на заказ,,11,,PRINT
фотокнига за 1 день москва,срочная печать фотокниги,,10,,PRINT
фотокнига корпоративная,корпоративная фотокнига,,10,,PRINT
фотокнига профессиональная печать,фотокнига на заказ онлайн,,10,,PRINT
фотокнига для новорожденного,фотокнига первый год жизни ребенка,,10,,PRINT
10,срочная печать фотокниги,,10,,PRINT
заказать фотокнигу с фотографиями couturebook ru,couture book,,10,,BRANDED
фотокнига на свадьбу wedfotobook.ru,свадебная фотокнига wedfotobook.ru,,10,,BRANDED
заказать фотокнигу москва wedfotobook.ru,фотокниги wedfotobook.ru,,10,,BRANDED
печать фотокниги printside,москва люсиновская улица 39 стр 5 printside,,10,,BRANDED
детская фотокнига на заказ wedfotobook.ru,детская фотокнига на заказ wedfotobook.ru,,10,,BRANDED
фабрика фотокниги личный кабинет вход в личный кабинет,фабрика фотокниги,,10,,PRINT
производство фотокниг myphotopages ru,,,10,,BRANDED
заказать фотокнигу multifoto.ru,мультифото,,10,,BRANDED
печать фотокниги в москве multifoto.ru,мультифото официальный сайт,,10,,BRANDED
фотокнига на заказ москва multifoto.ru,мультифото,,10,,BRANDED
фотокнига минибук 18х13 netprint нетпринт,фотокнига минибук 18х13 netprint нетпринт,,10,,BRANDED
фотокнига минибук newminik нетпринт купить,фотокнига минибук newminik нетпринт купить,,10,,BRANDED
фотокнига минибук netprint нетпринт,фотокнига минибук netprint нетпринт,,10,,BRANDED
свадебные фотокниги примеры,свадебная фотокнига примеры оформления,,10,,PRINT
идеи фотокниг на день рождения,идеи фотокниг на день рождения,,10,,INFO
свадебная книга фотографий,свадебная фотокнига,,10,,PRINT
промокод для нетпринт на скидку,промокод нетпринт,,10,,PRINT
заказать книгу с фотографиями,фотокнига,,10,,PRINT
купить дизайн выпускного альбома,фотокнига выпускника,,10,,PRINT
фотоальбом на выпускной в сад,выпускные альбомы для детского сада,,10,,PRINT
свадебные книги альбомы,свадебная фотокнига,,10,,PRINT
выпускной альбом образец,примеры выпускных альбомов,,10,,INFO
напечатать фотоальбом в москве,фотокнига на заказ,,10,,PRINT
фотокниги в москве на заказ,фотоальбом на заказ,,9,,PRINT
фотокнига на 18 летие дочери,фотокнига на 18 лет,,9,,PRINT
животные фотокнига земченок с о.,животные фотокнига земченок с о.,,9,,PRINT
печать фотокниг на фотопринтере,печать фотокниги в москве,,9,,PRINT
мои страницы фотокниги,мои фотостраницы,,9,,PRINT
фотокнига на заказ москва недорого с доставкой,фотокнига на заказ,,9,,PRINT
фотокнига копирка,копирка фотокнига,,9,,PRINT
изготовление фотокнига,фотокнига на заказ,,9,,PRINT
фотокнига в москве,печать фотокниг,,9,,PRINT
фотокнига на выпускной 9 класс,выпускной альбом 9 класс,,9,,PRINT
мини фотокнига,минибук фотокнига,,9,,PRINT
9,выпускной альбом 11 класс,,9,,PRINT
нетпринт 50 на фотокнигу,промокод нетпринт 100 фото за 540,,9,,PRINT
печать фотокниг multifoto.ru,мультифото официальный сайт,,9,,BRANDED
фотокнига в кожаном переплете couturebook ru,couture book,,9,,BRANDED
фотокнигу заказать онлайн wedfotobook.ru,фотокнига wedfotobook.ru,,9,,BRANDED
оформление свадебной фотокниги couturebook ru,couture book,,9,,BRANDED
заказ фотокниги москва wedfotobook.ru,фотокнига на заказ wedfotobook,,9,,BRANDED
фотокнига заказать multifoto.ru,фотокниги монро бук,,9,,BRANDED
создание фотокниги онлайн multifoto.ru,фотокнига multifoto.ru,,9,,BRANDED
фотокниги couturebook ru,couture book,,9,,BRANDED
фотокнига премиум мягкая обложка нетпринт купить,фотокнига премиум мягкая обложка нетпринт купить,,9,,PRINT
булгак бук личный кабинет,булгак бук личный кабинет,,9,,PRINT
periodica press,периодика,,9,,BRANDED
книга из фотографий,фотокнига на заказ,,9,,PRINT
альбом дети ру,альбом дети,,9,,PRINT
букинарт фотокниги,букинарт,,8,,PRINT
пластик для фотокниг самоклеющийся 23х31 см 1,пластик для фотокниг,,8,,PRINT
печать фотокниг недорого,фотокниги на заказ,,8,,PRINT
фотокнига в твердой обложке,фотокнига в твердом переплете заказать,,8,,PRINT
минимальный тираж фотокниги,минимальный тираж фотокниги,,8,,PRINT
печать фотокниги по макету заказчика,печать фотокниги по макету заказчика,,8,,PRINT
миронова фотокниги шаблоны,миронова студио,,8,,INFO
нетпринт промокод на скидку фотокнига,промокод нетпринт,,8,,PRINT
дизайн фотокниг couturebook ru,couture book,,8,,BRANDED
фотокниги онлайн заказать couturebook ru,couture book,,8,,BRANDED
печать фотокниг на цопы ру,фотокнига на заказ,,8,,PRINT
фотокнига на заказ москва wedfotobook.ru,печать фотокниг wedfotobook.ru,,8,,BRANDED
фотокнига заказать онлайн couturebook ru,couture book,,8,,BRANDED
свадебная фотокнига заказать wedfotobook.ru,фотокнига москва wedfotobook.ru,,8,,BRANDED
заказать фотокнигу с фотографиями через интернет couturebook ru,couture book,,8,,BRANDED
заказать фотокнигу с фотографиями в москве couturebook ru,couture book,,8,,BRANDED
печать фотокниг на фсфера ру,фотосфера фотокниги,,8,,PRINT
фотокнига выпускной в детском саду vipusknoy-albom.ru,выпускной альбом ру,,8,,BRANDED
фотокнига на заказ wedfotobook.ru,фотокнига wedfotobook.ru,,8,,BRANDED
заказать фотокниги multifoto.ru,фотокнига стоимость,,8,,BRANDED
фотокнига онлайн multifoto.ru,мультифото,,8,,BRANDED
что такое линия загиба в фотокниге,что такое линия загиба в фотокниге,,8,,INFO
свадебная книга на заказ,свадебная фотокнига,,8,,PRINT
периодика промокод на скидку,периодика промокод,,8,,PRINT
принбук,принтбук,,8,,PRINT
печать фото книги,фотокнига на заказ,,8,,PRINT
классные выпускные альбомы,школьный альбом,,8,,PRINT
заказать альбом с фотографиями в подарок в москве,фотокнига на заказ,,8,,PRINT
напечатать фотокнигу в москве недорого,фотоальбом на заказ,,7,,PRINT
пластик для фотокниг самоклеющийся кор листов,пластик для фотокниг,,7,,PRINT
фотокниги москва изготовление,фотокнига на заказ,,7,,PRINT
изучаю мир моя первая фотокнига,изучаем мир мои первые фотокниги,,7,,PRINT
аппарат для изготовления фотокниги,оборудование для фотокниг,,7,,PRINT
булгак бук фотокниги,булгак бук личный кабинет,,7,,PRINT
переплет фотокниги,pereplet,,7,,PRINT
студия 52 фотокниги,студия 52,,7,,PRINT
принтстори фотокнига,принтстори,,7,,PRINT
фотокнига про,фотокнига на заказ,,7,,PRINT
печать фотокниг на профессиональном оборудовании,печать фотокниг на профессиональном оборудовании,,7,,PRINT
фотокнига с текстом,фотокнига,,7,,PRINT
фон для фотокниги,фон для фотоальбома,,7,,PRINT
первая фотокнига малыша цвета,первая фотокнига малыша цвета,,7,,PRINT
фотокнига свадебная заказать москва,свадебная фотокнига,,7,,PRINT
фотокнига планшет детский сад 74950894032,фотокнига планшет детский сад 74950894032,,7,,PRINT
ксения федорова макеты фотокниг,ксения федорова фотокниги,,7,,PRINT
7,печать фотокниг,,7,,PRINT
промокод периодика фотокнига,периодика промокод,,7,,PRINT
мультифото промокод на фотокнигу,мультифото промокод,,7,,PRINT
фотокниги multifoto.ru,мультифото,,7,,BRANDED
фотокнига купить couturebook ru,couture book,,7,,BRANDED
фотокнига на заказ онлайн wedfotobook.ru,печать фотокниг wedfotobook.ru,,7,,BRANDED
фотокниги цена на цопы ру,фотокниги цена на цопы ру,,7,,PRINT
фотокнига заказать москва срочно couturebook ru,couture book,,7,,BRANDED
фотокнига заказ москва wedfotobook.ru,фотокнига wedfotobook.ru,,7,,BRANDED
дизайнер фотокниг wedfotobook.ru,фотокнига wedfotobook.ru,,7,,BRANDED
фотокниги заказать онлайн couturebook ru,couture book,,7,,BRANDED
фотокнига онлайн создать multifoto.ru,мультифото официальный сайт,,7,,BRANDED
фотокниги в переплете на цопы ру,фотокниги в переплете на цопы ру,,7,,PRINT
купить фотокнигу multifoto.ru,фотокниги монро бук,,7,,BRANDED
фотокнига на заказ couturebook ru,couture book,,7,,BRANDED
фотокнига на годовщину свадьбы wedfotobook.ru,свадебная фотокнига,,7,,BRANDED
фотокнига онлайн создать и напечатать multifoto.ru,мультифото официальный сайт,,7,,BRANDED
фотокнига срочно москва multifoto.ru,срочная печать фотокниги,,7,,BRANDED
изготовление фотоальбомов на заказ и фотокниг myphotopages ru,мои фотостраницы,,7,,BRANDED
срочная печать фотокниг москва printsreda.ru,срочная печать фотокниг москва printsreda.ru,,7,,BRANDED
свадебная фотокнига оформление,оформление свадебной фотокниги,,7,,PRINT
фотокнига что это такое и сколько страниц,что такое фотокнига,,7,,PRINT
netprint промослово,промокод нетпринт,,7,,BRANDED
netprint подарочный сертификат,нетпринт сертификат,,7,,BRANDED
bookinart,букинарт,,7,,BRANDED
периодика печать фото,периодика,,7,,PRINT
изготовление альбомов с фотографиями,фотокнига на заказ,,7,,PRINT
заказ фотоальбома,фотокнига,,7,,PRINT
фотокнига на заказ цена,фотокнига на заказ,,6,,PRINT
дискобук фотокниги,фотокнига,,6,,PRINT
найди и покажи фотокниги учим цвета и числа,найди и покажи фотокниги учим цвета и числа,,6,,PRINT
фотокнига 20 на 20,фотокнига 20х20 как выглядит,,6,,PRINT
пластик для фотокниг самоклеющийся 31х46 см 1.0 мм кор. 100 листов,пластик для фотокниг,,6,,PRINT
купоны фотокнига,промокод нетпринт,,6,,PRINT
фотокнига на заказ вэдфотобук,,,6,,PRINT
пластик для фотокниг самоклеющийся 21х21 см 0.5 мм кор. 100 листов,пластик для фотокниг,,6,,PRINT
фотофиера фотокниги,фотофиера,,6,,PRINT
фотокнига фотокниги под ключ,фотокнига фотокниги под ключ,,6,,PRINT
печать фотокниг через интернет,фотокнига на заказ,,6,,PRINT
фотокнига первоклассника,альбом первоклассника,,6,,PRINT
фотокнига на юбилей женщине,фотокнига на юбилей,,6,,PRINT
свадебная фотокнига заказать принтсмайл,свадебная фотокнига заказать принтсмайл,,6,,PRINT
фотокнига мужчине на юбилей,фотокнига на юбилей мужчине,,6,,PRINT
миронова студия выпускные фотокниги,миронова студио,,6,,PRINT
минибук фотокнига,минибук фотокнига,,6,,PRINT
6,выпускной альбом,,6,,PRINT
фотокнига создать онлайн,фотоальбом онлайн,,6,,PRINT
фотокнига онлайн создать и заказать москва,фотокнига на заказ,,6,,PRINT
нетпринт промокод на фотокнигу,промокод нетпринт,,6,,PRINT
фабрика фотокниги fabrika fotoknigi официальный сайт,фабрика фотокниги,,6,,NONTARGET
нетпринт бесплатная фотокнига,промокод нетпринт,,6,,PRINT
промокод нетпринт на фотокнигу,промокод нетпринт,,6,,PRINT
онлайн фабрика фотокниги,фабрика фотокниги,,6,,PRINT
детская фотокнига wedfotobook.ru,фотокнига для девочки,,6,,BRANDED
нетпринт фотокниги,нетпринт,,6,,PRINT
срочная печать фотокниги multifoto.ru,мульти фото.ру,,6,,BRANDED
фотокнига соутурообок ру,печать фотокниг,,6,,PRINT
печать фотокниг wedfotobook,создание и печать фотокниги,,6,,BRANDED
фотокнига на заказ москва недорого couturebook ru,couture book,,6,,BRANDED
дизайн фотокниг multifoto.ru,готовые фотокниги multifoto.ru,,6,,BRANDED
заказать фотокнигу в москве couturebook ru,couture book,,6,,BRANDED
фотокнига день рождения couturebook ru,couture book,,6,,BRANDED
фотокнига москва multifoto.ru,заказать альбом multifoto.ru,,6,,BRANDED
фотокнига заказать couturebook ru,couture book,,6,,BRANDED
фотокнига москва заказать couturebook ru,couture book,,6,,BRANDED
фотокнига онлайн couturebook ru,couture book,,6,,BRANDED
заказ фотокниги wedfotobook.ru,заказать фотокнигу wedfotobook.ru,,6,,BRANDED
фотокнига на юбилей couturebook ru,couture book,,6,,BRANDED
фотокнига на заказ онлайн myphotopages.ru,мои фотостраницы,,6,,BRANDED
фотокнига на заказ москва недорого myphotopages ru,мои фотостраницы,,6,,BRANDED
фабрика фотокниги москва,фабрика фотокниги,,6,,PRINT
фотокниги на заказ в москве multifoto.ru,мультифото телефон,,6,,BRANDED
фотокниги на заказ в москве couturebook ru,couture book,,6,,BRANDED
фотокниги дизайн multifoto.ru,фотокнига срочно москва multifoto.ru,,6,,BRANDED
фотокнига срочно multifoto.ru,срочная печать фотокниги,,6,,BRANDED
готовые фотокниги multifoto.ru,фотокнига multifoto.ru,,6,,BRANDED
где лучше заказать фотокнигу multifoto.ru,где лучше заказать фотокнигу multifoto.ru,,6,,BRANDED
периодика промокод на первый заказ фотокнига,периодика промокод,,6,,PRINT
фотокниги стоимость на цопы ру,фотокнига на заказ,,6,,PRINT
фотокниги заказать на цопы ру,фотокниги заказать на цопы ру,,6,,PRINT
фотокнига дизайн multifoto.ru,фотокнига на заказ,,6,,BRANDED
фабрика фотокниги онлайн,фабрика фотокниги,,6,,PRINT
промослово netprint,промокод нетпринт,,6,,BRANDED
принтбук личный кабинет,фотобук,,6,,PRINT
фотодом беларусь,фотодом,,6,,PRINT
периодика фото,периодика,,6,,PRINT
сертификат на печать фотографий,сертификат на фотокнигу,,6,,PRINT
книга с фотографиями,фотокнига,,6,,PRINT
шаблоны для школьного альбома,шаблоны выпускных альбомов,,6,,INFO
шаблон школьного альбома,шаблоны выпускных альбомов,,6,,INFO
что такое оживающее фото в альбоме,альбом с дополненной реальностью,,6,,INFO
выпускной альбом сайт,выпускной альбом,,6,,NONTARGET
фотокнига 1 класс,альбом первоклассника фотокнига,,5,,PRINT
фотокнига спб,фотокнига на заказ спб,,5,,PRINT
принтмейтс фотокниги,принтмейтс,,5,,PRINT
фотокнига 15 20,фотокнига 15 на 20,,5,,PRINT
заказать фотокнигу вэдфотобук,сделать фотоальбом из фотографий на заказ,,5,,PRINT
пластик для фотокниг самоклеющийся 31х46 см 0.3 мм кор. 100 листов,пластик для фотокниг,,5,,PRINT
обложка для фотокниги,обложка для фотокниги,,5,,PRINT
пластик для фотокниг самоклеющийся 31х31 см 1.0 мм кор. 100 листов,пластик для фотокниг,,5,,PRINT
фотокнига на заказ ведфотобук,сделать фотоальбом из фотографий на заказ,,5,,PRINT
фотокнига в виде журнала,фотокнига журнал,,5,,PRINT
фотокнига воспоминаний,фотокнига на заказ,,5,,PRINT
фотокниги лукбуки печать,фотокниги лукбуки печать,,5,,PRINT
маленькая фотокнига,мини фотокнига,,5,,PRINT
типография печать фотокниг,фотокнига на заказ москва,,5,,PRINT
оборудование для печати фотокниг,оборудование для фотокниг,,5,,PRINT
печать фотоальбомов фотокниг,фотокнига на заказ,,5,,PRINT
печать фотокниг москва недорого,фотокниги на заказ,,5,,PRINT
сайт для создания фотокниги,фотокнига на заказ,,5,,NONTARGET
фотокнига про путешествия,фотокнига путешествие,,5,,PRINT
фотокнига планшет детский сад яркий кадр,яркий кадр выпускной альбом,,5,,PRINT
фотокнига малыша,фотокнига первый год жизни ребенка,,5,,PRINT
детские выпускные фотокниги,выпускные альбомы для детского сада,,5,,PRINT
свадебный фотокнига,свадебная фотокнига,,5,,PRINT
фотокнига минибук,минибук фотокнига,,5,,PRINT
фотокнига а4,фотокнига,,5,,PRINT
макет фотокниги,шаблоны фотокниг,,5,,PRINT
5,фотокнига онлайн создать и напечатать,,5,,PRINT
фотокнига на день рождения шаблоны,шаблон фотокниги,,5,,INFO
mirramian ксения федорова шаблоны фотокниг,ксения федорова фотокниги,,5,,BRANDED
нетпринт скидки на фотокниги,промокод нетпринт,,5,,PRINT
нетпринт промокод на бесплатную фотокнигу,промокод нетпринт,,5,,PRINT
фотокниги печать couturebook ru,couture book,,5,,BRANDED
создать онлайн фотокнигу multifoto.ru,мультифото воронеж,,5,,BRANDED
фотокнига на юбилей мужчине myphotopages ru,фотокнига на юбилей мужчине myphotopages ru,,5,,BRANDED
фотокнига заказать москва wedfotobook.ru,заказать фотокнигу wedfotobook.ru,,5,,BRANDED
печать фотокниги через интернет myphotopages.ru,мои фотостраницы,,5,,BRANDED
фотокнига срочно москва myphotopages.ru,мои фотостраницы,,5,,BRANDED
свадебная фотокнига москва wedfotobook.ru,заказать свадебную фотокнигу,,5,,BRANDED
фотокниги на заказ multifoto.ru,мультифото,,5,,BRANDED
фотокнига создать и заказать couturebook ru,couture book,,5,,BRANDED
фотокниги онлайн multifoto.ru,мультифото официальный сайт,,5,,BRANDED
фотокнига заказать москва multifoto.ru,заказать фотокнигу,,5,,BRANDED
заказать фотокнига couturebook ru,couture book,,5,,BRANDED
заказ фотокниг couturebook ru,couture book,,5,,BRANDED
заказать фотокнигу москва myphotopages ru,мои фотостраницы,,5,,BRANDED
фотокнига купить multifoto.ru,фотокнига в подарок на день рождения,,5,,BRANDED
фотокнигу заказать couturebook ru,заказать фотокнигу с фотографиями couturebook ru,,5,,BRANDED
фотокниги на заказ couturebook ru,couture book,,5,,BRANDED
изготовление фотокниг москва multifoto.ru,мультифото официальный сайт,,5,,BRANDED
печать фотокниг москва printsreda.ru,срочная печать фотокниг москва printsreda.ru,,5,,BRANDED
дизайн фотокниги на заказ multifoto.ru,печать фотокниги multifoto.ru,,5,,BRANDED
фотокнига с текстом на заказ myphotopages ru,мои фотостраницы,,5,,BRANDED
где заказать фотокнигу couturebook ru,couture book,,5,,BRANDED
где лучше заказать фотокнигу myphotopages.ru,мои фотостраницы,,5,,BRANDED
свадебная фотокнига на заказ wedfotobook.ru,фотокнига на свадьбу wedfotobook.ru,,5,,BRANDED
фотокниги wedfotobook,фотокнига в подарок на день рождения,,5,,BRANDED
фотокнига заказ wedfotobook.ru,фотокнига wedfotobook.ru,,5,,BRANDED
создать фотокнигу онлайн и заказать москва multifoto.ru,мультифото официальный сайт,,5,,BRANDED
фотокнига заказать онлайн multifoto.ru,мультифото,,5,,BRANDED
фотокнига планшет детский сад yarkiykadr ru,живой фотоальбом на выпускной детского сада yarkiykadr,,5,,BRANDED
создать фотокнигу онлайн и заказать москва myphotopages.ru,мои фотостраницы,,5,,BRANDED
фотокниги на заказ в москве myphotopages ru,мои фотостраницы,,5,,BRANDED
создать фотокнигу онлайн и заказать multifoto.ru,фотокнига multifoto.ru,,5,,BRANDED
фотокнига планшет детский сад yarkiykadr,яркий кадр альбомы,,5,,BRANDED
промокод периодика фотокнига на первый заказ,периодика промокод,,5,,PRINT
фотокнига на заказ multifoto.ru,заказать альбом multifoto.ru,,5,,BRANDED
фотокниги дешево на цопы ру,фотокниги дешево на цопы ру,,5,,PRINT
выпускные фотокниги grand albom,школьный альбом,,5,,BRANDED
фотокниги москва на цопы ру,фотокнига на заказ,,5,,PRINT
периодика фотокниги отзывы,периодика фотокнига,,5,,PRINT
persona фотокниги,persona фотокниги,,5,,BRANDED
это слон фотокнига,это слон фотокнига,,5,,PRINT
что такое форзац в фотокниге,что такое форзац в фотокниге,,5,,INFO
netprint промокод 2025,промокод нетпринт,,5,,BRANDED
печать фото книг,фотокнига на заказ,,5,,PRINT
printmates,printmates,,5,,BRANDED
мирамиан шаблоны,выпускной альбом макет,,5,,INFO
промокод для netprint,промокод нетпринт,,5,,BRANDED
акции нетпринт промокоды,промокод нетпринт,,5,,PRINT
фотоальбом напечатать москва,фотокнига на заказ,,5,,PRINT
фотоальбом на юбилей,фотокнига на юбилей,,5,,PRINT
фотоальбом к юбилею,фотокнига на юбилей,,5,,PRINT
создать фотоальбом для печати,фотокнига онлайн создать и напечатать,,5,,PRINT
печать фотоальбомов москва,фотокнига на заказ,,5,,PRINT
альбомы на рождение ребенка,альбом для новорожденного,,5,,PRINT
трюмо фотоальбом,выпускной альбом трюмо,,5,,PRINT
альбом фотографий на заказ,фотокнига на заказ,,5,,PRINT
альбом трюмо,выпускной альбом трюмо,,5,,PRINT
фотокниги для души,фотокниги для души,,4,,PRINT
книгорама фотокниги сайт,книгорама,,4,,NONTARGET
фотокнига в тканевом переплете,фотокнига в тканевом переплете,,4,,PRINT
фотофабрика печать фотокниг,фабрика фотокниги,,4,,PRINT
коллектив авторов и покажи фотокнига твой,коллектив авторов и покажи фотокнига твой,,4,,PRINT
сборка фотокниг,как печатают фотокниги,,4,,PRINT
фотокнига на кольцах,фотоальбом на кольцах,,4,,PRINT
имиджбук фотокниги,имиджбук,,4,,PRINT
фотокниги оптом киров,фотокниги оптом,,4,,PRINT
монро книги фотокниги,фотокниги монро бук отзывы,,4,,PRINT
заказать фотокнигу ведфотобук,сделать фотоальбом из фотографий на заказ,,4,,PRINT
оборудование для фотокниг,оборудование для фотокниг,,4,,PRINT
заказать печать фотокниги,фотокнига на заказ,,4,,PRINT
фотокниги калькулятор,фотокниги калькулятор,,4,,PRINT
сертификат на фотокнигу в подарок,сертификат на фотокнигу,,4,,PRINT
фотокнига 30х30,фотокнига 30х30,,4,,PRINT
фотокнига 50 лет,фотокнига на юбилей,,4,,PRINT
принтбук фотокнига,принтбук фотокнига,,4,,PRINT
печать фотокниги в москве 7 499 642 46 17,полиграфический дизайн 7 499 642 46 17,,4,,PRINT
букинарт фотокниги воронеж,букинарт,,4,,PRINT
фотокнига 20х20,фотокнига 20х20 как выглядит,,4,,PRINT
стильная фотокнига,фотоальбом на заказ,,4,,PRINT
москва гостиничный проезд 4б фотокнига,москва гостиничный проезд 4б фотокнига,,4,,PRINT
фотокнига с доставкой,фотокнига,,4,,PRINT
фразы для свадебной фотокниги,фразы для свадебной фотокниги,,4,,PRINT
выпускные фотокниги гранд альбом,выпускные фотокниги,,4,,PRINT
печать фотокниг выпускной альбом,печать выпускных альбомов,,4,,PRINT
4,сертификат на фотокнигу,,4,,PRINT
шаблоны фотокнига детский сад,выпускной альбом для детского сада шаблоны,,4,,INFO
mirramian.art шаблоны фотокниг,миррамиан,,4,,BRANDED
фотокниги москва copy.ru,заказать фотокниги copy.ru,,4,,BRANDED
печать фотокниг copy.ru,печать фотокниг copy.ru,,4,,BRANDED
нетпринт отзывы о фотокнигах,фотокнига 15*15 нетпринт отзыв,,4,,PRINT
vigbo фотокниги,vigbo фотокниги,,4,,BRANDED
фабрика фотокниги новый сайт,фабрика фотокниги,,4,,NONTARGET
фотокнига море multifoto.ru,фотокниги multifoto.ru,,4,,BRANDED
напечатать фотокнигу myphotopages.ru,мои фотостраницы,,4,,BRANDED
печать фотокниг на заказ myphotopages.ru,мои фотостраницы,,4,,BRANDED
свадебные фотокниги на заказ myphotopages ru,мои фотостраницы,,4,,BRANDED
изготовление фотокниг москва myphotopages.ru,мои фотостраницы,,4,,BRANDED
распечатать фотокнигу myphotopages.ru,мои фотостраницы,,4,,BRANDED
фотокниги онлайн couturebook ru,couture book,,4,,BRANDED
где лучше заказать фотокнигу myphotopages ru,мои фотостраницы,,4,,BRANDED
создать фотокнигу multifoto.ru,сделать альбом с фотографиями онлайн multifoto.ru,,4,,BRANDED
заказ фотокниг myphotopages ru,мои фотостраницы,,4,,BRANDED
фотокнига цена multifoto.ru,заказать фотокнигу multifoto.ru,,4,,BRANDED
печать фотокниг myphotopages.ru,мои фотостраницы,,4,,BRANDED
печать фотокниг printsreda.ru,срочная печать фотокниг москва printsreda.ru,,4,,BRANDED
купить фотокниги multifoto.ru,фотоальбом книга,,4,,BRANDED
фотокнига в подарок couturebook ru,couture book,,4,,BRANDED
фотокнига мужчине couturebook ru,couture book,,4,,BRANDED
онлайн фотокнига couturebook ru,couture book,,4,,BRANDED
фотокнига онлайн создать и напечатать npt.ru,фотокнига онлайн создать и напечатать npt.ru,,4,,BRANDED
печать фотокниги онлайн couturebook ru,couture book,,4,,BRANDED
изготовление фотокниги на заказ multifoto.ru,мульти фото.ру,,4,,BRANDED
производство фотокниг myphotopages.ru,мои фотостраницы,,4,,BRANDED
фотокнига москва couturebook ru,couture book,,4,,BRANDED
изготовить фотокнигу в москве myphotopages.ru,мои фотостраницы,,4,,BRANDED
фотокниги изготовление myphotopages.ru,мои фотостраницы,,4,,BRANDED
фотокнига срочно myphotopages.ru,мои фотостраницы,,4,,BRANDED
фотокнига цена москва couturebook ru,фотокнига цена москва couturebook ru,,4,,BRANDED
изготовление фотокниги на заказ в москве myphotopages.ru,мои фотостраницы,,4,,BRANDED
печать фотокниг для фотографов в москве multifoto.ru,мультифото.ру официальный сайт,,4,,BRANDED
фотокнига libraryphoto,фотокнига в подарок libraryphoto.ru,,4,,BRANDED
дизайн фотокниги цена myphotopages ru,заказать фотоальбом myphotopages ru,,4,,BRANDED
дизайн фотокниги myphotopages.ru,мои фотостраницы,,4,,BRANDED
заказать фотокнигу с фотографиями через интернет multifoto.ru,фотобук,,4,,BRANDED
фотокнига на заказ москва couturebook ru,couture book,,4,,BRANDED
alexbooks фотокниги,алексбукс,,4,,BRANDED
изготовление фотокниги на заказ myphotopages.ru,напечатать фотокнигу myphotopages.ru,,4,,BRANDED
фотокнига на заказ москва myphotopages ru,мои фотостраницы,,4,,BRANDED
создать фотокнигу москва myphotopages.ru,мои фотостраницы,,4,,BRANDED
печать свадебной фотокниги myphotopages.ru,мои фотостраницы,,4,,BRANDED
фотокнига цена couturebook ru,couture book,,4,,BRANDED
оформление свадебной фотокниги multifoto.ru,оформление свадебной фотокниги multifoto.ru,,4,,BRANDED
напечатать фотокнигу в москве multifoto.ru,заказать альбом multifoto.ru,,4,,BRANDED
фотокнига на заказ myphotopages ru,мои фотостраницы,,4,,BRANDED
дизайн фотокниги цена couturebook ru,кутюрбук сайт,,4,,BRANDED
netprint фотокнига,нетпринт,,4,,BRANDED
фотокнига путешествие couturebook.ru,фотокнига путешествие,,4,,BRANDED
фотокнига печать myphotopages.ru,мои фотостраницы,,4,,BRANDED
фотокнига libraryphoto.ru 52,фотокнига libraryphoto.ru 52,,4,,BRANDED
печать фотокниги в москве printsreda.ru,фотокнига заказ wedfotobook.ru,,4,,BRANDED
happybook фотокниги,хэппи бук,,4,,BRANDED
фотокнига стандарт multifoto.ru,фотокнига стандарт multifoto.ru,,4,,BRANDED
фотокнига тренеру multifoto.ru,печать фотокниги в москве multifoto.ru,,4,,BRANDED
нетпринт промокод на фото,промокод нетпринт,,4,,PRINT
нетпринт промокод на первый заказ 2025,промокод нетпринт,,4,,PRINT
книга фотографий на заказ,фотокнига,,4,,PRINT
периодика скидка,периодика промокод,,4,,PRINT
книга из фотографий заказать москва,фотокнига,,4,,PRINT
напечатать книгу с фотографиями,фотокнига,,4,,PRINT
фотокнижка,фотокнига на заказ,,4,,PRINT
скидка нетпринт промокод,промокод нетпринт,,4,,PRINT
напечатать фото книгу,фотокнига на заказ,,4,,PRINT
это слон,что едят слоны,,4,,PRINT
заказать фото книгу,фотокнига,,4,,PRINT
макеты альбомов,макеты выпускных альбомов,,4,,PRINT
макет фотоальбома,фотоальбом онлайн,,4,,PRINT
фотобук что это,что такое фотокнига,,4,,PRINT
онлайн фотоальбом,фотоальбом онлайн создать и напечатать,,4,,PRINT
альбом с фото на заказ,фотокнига,,4,,PRINT
распечатать фотоальбом в виде книги,фотокнига,,4,,PRINT
создание фотоальбома онлайн,фотоальбом онлайн создать и напечатать,,4,,PRINT
печать альбома с фотографиями в москве,фотокнига на заказ,,4,,PRINT
фотоальбомы онлайн создать,фотоальбом онлайн,,4,,PRINT
лучшие фотокниги в москве,где лучше заказать фотокнигу,,3,,PRINT
фотокниги недорого,фотокнига,,3,,PRINT
фотокнига крещение ребенка,фотокнига крещение ребенка,,3,,PRINT
фотокнига крещение,фотокнига крещение ребенка,,3,,PRINT
название для фотокниги,как можно назвать альбомы с фотографиями,,3,,PRINT
коллектив авторов найди и покажи фотокнига времена года,коллектив авторов найди и покажи фотокнига времена года,,3,,PRINT
фотокнига в тканевой обложке,фотокнига в тканевом переплете,,3,,PRINT
фотокнига 12 12,фотокнига,,3,,PRINT
фотокнига для бабушки,фотокнига для бабушки,,3,,PRINT
оборудование для изготовления фотокниг,оборудование для фотокниг,,3,,PRINT
фотокнига на заказ москва недорого вэдфотобук,,,3,,PRINT
принстори фотокниги,принтстори,,3,,PRINT
распечатать фотокнигу в москве,фотокнига,,3,,PRINT
горизонтальная фотокнига,фотокнига на заказ,,3,,PRINT
фотокниги самостоятельно,идеи для создания фотокниг своими руками,,3,,PRINT
пластик для фотокниг самоклеющийся 31х46 см 0,пластик для фотокниг самоклеющийся 31х46 см 0,,3,,PRINT
фотокнига маме на юбилей,фотокнига на юбилей маме,,3,,PRINT
фотокнига свадебная на заказ,свадебная фотокнига,,3,,PRINT
создать свадебную фотокнигу,свадебная фотокнига,,3,,PRINT
обложка фотокниги свадебной,свадебная фотокнига,,3,,PRINT
первая фотокнига малыша,первая фотокнига малыша,,3,,PRINT
выпускной альбом фотокнига детский сад,выпускные альбомы для детского сада,,3,,PRINT
3,где лучше заказать фотокнигу,,3,,PRINT
шаблон для фотокниги,шаблоны фотокниг,,3,,INFO
фотокнига шаблоны,шаблоны фотокниг,,3,,INFO
шаблоны фотокниг от ксении федоровой,ксения федорова фотокниги,,3,,INFO
производство фотокниг copy.ru,заказ бейджей copy.ru,,3,,BRANDED
netprint фотокниги,нетпринт,,3,,BRANDED
bookinart фотокниги,букинарт,,3,,BRANDED
фабрика фотокниги fabrika fotoknigi,фабрика фотокниги,,3,,BRANDED
промокод периодика на первый заказ фотокнига,периодика промокод,,3,,PRINT
премиум фотокниги myphotopages ru,мои фотостраницы печать фотокниг,,3,,BRANDED
корпоративная фотокнига multifoto.ru,создание фотокниги онлайн multifoto.ru,,3,,BRANDED
заказ фотокниг multifoto.ru,мультифото,,3,,BRANDED
фотокнига на юбилей мужчине couturebook ru,couture book,,3,,BRANDED
печать фотокниги myphotopages.ru,мои фотостраницы,,3,,BRANDED
фотокнига layflat москва на цопы ру,фотокнига layflat москва на цопы ру,,3,,BRANDED
фотокниги москва москва wedfotobook.ru,фотокнига на заказ wedfotobook,,3,,BRANDED
заказать фотокнигу онлайн multifoto.ru,мультифото екатеринбург,,3,,BRANDED
большая фотокнига couturebook ru,couture book,,3,,BRANDED
фотокнига из фотографий на заказ wedfotobook.ru,фотокнига на заказ wedfotobook,,3,,BRANDED
заказать фотокнигу с фотографиями multifoto.ru,мультифото,,3,,BRANDED
изготовление фотокниг multifoto.ru,печать фотокниги multifoto.ru,,3,,BRANDED
фотокнига срочное изготовление multifoto.ru,мультифото.ру официальный сайт,,3,,BRANDED
фотокнига коллеге multifoto.ru,фотокнига цена,,3,,BRANDED
изготовление фотоальбомов на заказ и фотокниг multifoto.ru,мультифото.ру официальный сайт,,3,,BRANDED
заказать фотокнигу в москве myphotopages ru,мои фотостраницы,,3,,BRANDED
фотокнига заказать онлайн москва multifoto.ru,печать фотокниги в москве multifoto.ru,,3,,BRANDED
дизайн фотокниги couturebook.ru,couture book,,3,,BRANDED
макет свадебной фотокниги multifoto.ru,свадебный альбом печать,,3,,BRANDED
изготовление фотокниг myphotopages.ru,мои фотостраницы,,3,,BRANDED
фотокнига заказать москва срочно multifoto.ru,мультифото фотокнига,,3,,BRANDED
дизайнер фотокниг multifoto.ru,дизайнер фотокниг multifoto.ru,,3,,BRANDED
дизайн фотокниги на заказ myphotopages.ru,мои фотостраницы,,3,,BRANDED
фотокнига 20х30 multifoto.ru,фотокнига 20 на 30,,3,,BRANDED
срочная печать фотокниги myphotopages.ru,мои фотостраницы,,3,,BRANDED
фотокнига в мягком переплете couturebook ru,couture book,,3,,BRANDED
печать фотокниг в москве multifoto.ru,мультифото официальный сайт,,3,,BRANDED
печать фотокниг москва wedfotobook.ru,фотоальбом на заказ москва wedfotobook.ru,,3,,BRANDED
напечатать фотокнигу multifoto.ru,фотокнига multifoto.ru,,3,,BRANDED
альбом фотокнига недорого bomalbom.ru,альбом фотокнига недорого bomalbom.ru,,3,,BRANDED
свадебные фотокниги примеры работ современные,свадебная фотокнига примеры оформления,,3,,PRINT
фотокнига пример,варианты фотокниг,,3,,PRINT
купон мультифото на печать фотографий,мультифото промокод,,3,,PRINT
нетпринт официальный сайт промокод на скидку,промокод нетпринт,,3,,NONTARGET
бесплатная доставка в нетпринт промокод,промокод нетпринт,,3,,PRINT
мультифото промокод на печать фотографий,мультифото промокод,,3,,PRINT
фабрика книги,фабрика фотокниги,,3,,PRINT
нетпринт москва,нетпринт,,3,,PRINT
сайт от vigbo,vigbo что это,,3,,NONTARGET
сертификат на печать фото,сертификат на фотокнигу,,3,,PRINT
миррамиан арт,миррамиан,,3,,PRINT
свадебный фотоальбом на заказ спб,печать свадебной фотокниги,,3,,PRINT
фотоальбом таинство крещения,фотокнига крещение ребенка,,3,,PRINT
изготовление фотоальбомов на заказ в москве,фотокнига на заказ,,3,,PRINT
фотоальбом на юбилей женщине,фотокнига на юбилей,,3,,PRINT
фотоальбом печать москва,фотокнига на заказ,,3,,PRINT
альбом фото заказать,фотокнига на заказ,,3,,PRINT
альбом первоклассника фото,выпускной альбом 1 класс,,3,,PRINT
альбом заказать с фотографиями,фотокнига,,3,,PRINT
альбом заказать,фотоальбом,,3,,PRINT
альбомы для начальной школы,выпускные альбомы 4 класс,,3,,PRINT
заказать альбом книгу с фото,фотокнига,,3,,PRINT
изготовить фотоальбом,фотокнига на заказ,,3,,PRINT
альбом фотографий на заказ москва,фотокнига на заказ,,3,,PRINT
печать фото альбома,фотокнига,,3,,PRINT
альбом книга с фотографиями на заказ,фотокнига на заказ,,3,,PRINT
печать фото для альбома,фотоальбом на заказ,,3,,PRINT
альбом с фото,фотоальбом,,3,,PRINT
напечатать фотокнигу недорого,фотокнига на заказ,,2,,PRINT
фотокнига 34,фотокнига 34,,2,,PRINT
где лучше заказать фотокнигу отзывы,где лучше заказать фотокнигу,,2,,PRINT
фотокнига с оживающими фотографиями,интерактивный фотоальбом,,2,,PRINT
фолио фотокниги,фолио екатеринбург официальный сайт,,2,,PRINT
создать фотокнигу самостоятельно,создать фотокнигу,,2,,PRINT
фотокнига выписка из роддома,фотокнига выписка из роддома,,2,,PRINT
кто заказывал фотокнигу дайте ссылку песковик не предлагать,фотокниги монро бук отзывы,,2,,PRINT
булгак фотокниги,булгак бук личный кабинет,,2,,PRINT
сервис для создания фотокниг,создание фотокниги,,2,,PRINT
фотокнига планшет,планшет фотоальбом,,2,,PRINT
федорова фотокниги,ксения федорова фотокниги,,2,,PRINT
что лучше фотокнига или фотоальбом,что такое фотоальбом,,2,,PRINT
феданова мир вокруг нас фотокнига для малышей фотокнига для малышей,феданова мир вокруг нас фотокнига для малышей фотокнига для малышей,,2,,PRINT
название фотокниги семейной,как можно назвать альбомы с фотографиями,,2,,PRINT
дизайн детской фотокниги сайт,дизайн детской фотокниги сайт,,2,,NONTARGET
макеты фотокниг для выпускников,шаблоны выпускных альбомов,,2,,PRINT
фотокнига на заказ срочно,срочная печать фотокниги,,2,,PRINT
2,свадебная фотокнига,,2,,PRINT
фотокнига шаблоны psd,макетфото.ру,,2,,BRANDED
обложка для фотокниги шаблон,шаблоны фотокниг,,2,,INFO
фотокниги калькулятор copy.ru,фотокниги калькулятор copy.ru,,2,,BRANDED
фотокниги нижний новгород copy.ru,фотокниги нижний новгород copy.ru,,2,,BRANDED
нетпринт промокоды на фотокнигу,промокод нетпринт,,2,,PRINT
нетпринт срок изготовления фотокниги,нетпринт срок изготовления фотокниги,,2,,PRINT
фабрика фотокниги официальный,фабрика фотокниги,,2,,PRINT
фабрика фотокниги отзывы,фабрика фотокниги отзывы,,2,,PRINT
novelystory фотокниги,novelystory фотокниги,,2,,BRANDED
фабрика фотокниги москва официальный сайт,фабрика фотокниги,,2,,NONTARGET
фотокнига примеры оформления,варианты фотокниг,,2,,PRINT
чем отличается фотокнига от фотоальбома,что такое фотоальбом,,2,,INFO
мокап открытая книга,мокап книги,,2,,PRINT
wfolio ru личный кабинет,wfolio,,2,,BRANDED
нетпринт промокод на печать фотографий,промокод нетпринт,,2,,PRINT
промокод нетпринт октябрь,промокод нетпринт,,2,,PRINT
фабрика книги сайт,фабрика фотокниги,,2,,NONTARGET
напечатать книгу из фотографий,фотокнига на заказ,,2,,PRINT
ксения федорова шаблоны,ксения федорова фотокниги,,2,,INFO
хэпибук,хэппи бук,,2,,PRINT
сертификат на распечатку фотографий,сертификат на фотокнигу,,2,,PRINT
промокод для периодики,периодика промокод,,2,,PRINT
netprint отзывы качество,нетпринт отзывы,,2,,BRANDED
миронова макеты,миронова студио,,2,,PRINT
ксения федорова дизайнер,ксения федорова фотокниги,,2,,PRINT
фотофабрика москва,фотофабрика,,2,,PRINT
миронова студия,миронова студио,,2,,PRINT
копирка печать книги,копирка печать наклеек,,2,,PRINT
печать нетпринт,нетпринт,,2,,PRINT
книга с фото на заказ,фотокнига на заказ,,2,,PRINT
альбом таинство крещения,фотоальбом таинство крещения,,2,,PRINT
альбом на 18 лет сыну,фотокнига на 18 лет,,2,,PRINT
миронова шаблоны выпускных альбомов,миронова студио,,2,,INFO
изготовление свадебных альбомов,свадебная фотокнига,,2,,PRINT
альбом фото онлайн,фотоальбом онлайн,,2,,PRINT
альбом онлайн создать,фотоальбом онлайн создать и напечатать,,2,,PRINT
планшет фотоальбом,альбом планшет на выпускной как выглядит,,2,,PRINT
фотоальбом с фотографиями на заказ в виде книги,фотокнига,,2,,PRINT
дизайн выпускных альбомов,дизайн выпускного альбома,,2,,PRINT
фотоальбом первый класс,альбом первоклассника,,2,,PRINT
фотоальбом с оживающими фото,альбом с дополненной реальностью,,2,,PRINT
альбом заказать с фотографиями в виде книги,фотокнига,,2,,PRINT
напечатать фотоальбом книгу,фотокнига на заказ,,2,,PRINT
распечатать альбом с фотографиями в москве,фотокнига на заказ,,2,,PRINT
фотоальбомы печать,фотокнига на заказ,,2,,PRINT
печать мини альбома,производство фотокниг,,2,,PRINT
нетпринт альбомы,нетпринт,,2,,PRINT
выпускной альбом фотодом,фотодом,,2,,PRINT
заказать печать фотоальбома,фотокнига на заказ,,2,,PRINT
фотоальбомы на заказ в москве,фотокнига на заказ,,2,,PRINT
первый фотоальбом,первый фотоальбом,,2,,PRINT
фотокниг печать,фотокниги печать москва,,1,,PRINT
распечатать фотокниги,фотокнига на заказ,,1,,PRINT
фотокнига авито,фотокнига на заказ,,1,,PRINT
печать фотокниги на заказ москва,фотокнига на заказ,,1,,PRINT
фотокнига самара заказать,фотокнига самара,,1,,PRINT
сколько стоит напечатать фотокнигу,фотокниги на заказ,,1,,PRINT
картон самоклеющийся двухсторонний для производства фотокниг,двухсторонний картон mrimage,,1,,PRINT
фотокниги белгород,фотокниги белгород,,1,,PRINT
фотокнига из старых фотографий,фотокнига из старых фотографий,,1,,PRINT
скидки на фотокниги,промокод нетпринт,,1,,PRINT
фотокнига екатеринбург,фотокнига на заказ екатеринбург,,1,,PRINT
мокап фотокниги,мокап книги,,1,,PRINT
фотокнига год ребенку,фотокнига первый год жизни ребенка,,1,,PRINT
ретро фотокниги,ретро фотокниги,,1,,PRINT
фотокниги беларусь,фотокнига минск,,1,,PRINT
ваша фотокнига,ваша фотокнига,,1,,PRINT
фотокнига санкт петербург,фотоальбом на заказ спб,,1,,PRINT
какие есть фотокниги,что такое фотокнига,,1,,PRINT
раскладка фотокниги,шаблон для фотокниги скачать бесплатно,,1,,PRINT
фотокнигу получил,изготовить фотокнигу в москве,,1,,PRINT
фотокнига онлайн 20х20,фотокнига 20х20 как выглядит,,1,,PRINT
фотокнига заказать с доставкой,фотокнига,,1,,PRINT
индивидуальные фотокниги,индивидуальные фотокниги,,1,,PRINT
фотокниги первый год,фотокнига первый год жизни ребенка,,1,,PRINT
фотокнига премиум в твердой обложке,премиальные фотокниги,,1,,PRINT
создать макет фотокниги онлайн,фотоальбом онлайн создать и напечатать,,1,,PRINT
дизайн фотокниги онлайн,фотоальбом онлайн,,1,,PRINT
макет фотокниги для детского сада,выпускной альбом для детского сада шаблоны,,1,,PRINT
1,фотокнига для мамы,,1,,PRINT
шаблоны выпускных фотокниг,шаблоны выпускных альбомов,,1,,INFO
фотокнига шаблон,шаблоны фотокниг,,1,,INFO
заказ фотокниг copy.ru,заказ фотокниг copy.ru,,1,,BRANDED
фотокниги цена copy.ru,заказать фотокниги copy.ru,,1,,BRANDED
фабрика фотокниги купон на скидку,фабрика фотокниги промокод,,1,,PRINT
изготовление фотокниги copy.ru,заказ фотокниг copy.ru,,1,,BRANDED
фабрика фотокниги шаблоны альбомов,фабрика фотокниги личный кабинет вход в личный кабинет,,1,,INFO
бесплатная фотокнига промокод,нетпринт промокод,,1,,PRINT
скидки в нетпринт,промокод нетпринт,,1,,PRINT
школьные макеты,макеты фотокниг для выпускников,,1,,PRINT
промокод netprint на печать фотографий,промокод нетпринт,,1,,BRANDED
netptint ru,нетпринт,,1,,BRANDED
создать книгу с фотографиями,фотокнига онлайн создать и напечатать,,1,,PRINT
скидка в нетпринт,промокод нетпринт,,1,,PRINT
напечатать фото в виде книги,фотокнига,,1,,PRINT
промокоды на netprint,промокод нетпринт,,1,,BRANDED
промокод периодики,периодика промокод,,1,,PRINT
форзац фото,форзац,,1,,PRINT
промокод periodica,периодика промокод,,1,,BRANDED
принтстори личный кабинет,принтстори,,1,,PRINT
albom deti,albom deti,,1,,BRANDED
пермодика,пермодика,,1,,PRINT
подарочный сертификат на печать фотографий,сертификат на фотокнигу,,1,,PRINT
happy books,хэппи бук,,1,,BRANDED
периодика промокод на скидку от блогеров,периодика промокод,,1,,PRINT
промокод нетпринт июнь,нетпринт промокод,,1,,PRINT
купоны мультифото,мультифото промокод,,1,,PRINT
периодика пресс промокод,периодика промокод,,1,,PRINT
федорова ксения дизайнер,,,1,,PRINT
промокод для netprint для фотографий,промокод нетпринт,,1,,BRANDED
булгак бук вход для фотографов,булгак бук личный кабинет,,1,,PRINT
майфото,myphoto,,1,,PRINT
подарочный сертификат netprint,нетпринт печать фото премиум за 540,,1,,BRANDED
макеты выпускных альбомов купить,макеты выпускных альбомов,,1,,PRINT
фотоальбом для бабушки,фотоальбом для бабушки,,1,,PRINT
шаблоны детских выпускных альбомов,выпускной альбом для детского сада шаблоны,,1,,INFO
печать фотоальбома на заказ,фотокнига на заказ,,1,,PRINT
фотоальбом на заказ москва недорого,,,1,,PRINT
фотоальбом на заказ нижний новгород,фотокнига на заказ нижний новгород,,1,,PRINT
детские фотоальбомы на заказ,фотокнига для девочки,,1,,PRINT
федорова альбомы выпускные,ксения фёдорова художник дизайнер,,1,,PRINT
фотоальбом на заказ нижний,фотокнига на заказ нижний новгород,,1,,PRINT
фотоальбом на 18 летие сыну,фотокнига на 18 лет,,1,,PRINT
фотоальбом для бабушки и дедушки,фотоальбом для бабушки и дедушки,,1,,PRINT
альбом нетпринт,нетпринт,,1,,PRINT
фотоальбом крещение,фотокнига крещение ребенка,,1,,PRINT
мини фотоальбом на заказ,фотоальбом на заказ спб,,1,,PRINT
фотоальбом книга на заказ москва,фотокниги интернет магазин,,1,,PRINT
свадебный альбом онлайн создать,фотоальбом онлайн,,1,,PRINT
напечатать свадебный альбом,свадебная фотокнига,,1,,PRINT
свадебный альбом заказать москва,свадебная фотокнига,,1,,PRINT
изготовление альбомов на заказ,фотокнига на заказ,,1,,PRINT
фотоальбом на заказ школьный,фотоальбом на заказ школьный,,1,,PRINT
свадебные книги альбомы на заказ,свадебная фотокнига,,1,,PRINT
собрать фотоальбом,фотокнига онлайн,,1,,PRINT
фотоальбом крещение ребенка,фотокнига крещение ребенка,,1,,PRINT
сертификат на фотоальбом,сертификат на фотокнигу,,1,,PRINT
арт фотобук,арт фотобук,,1,,PRINT
нетпринт альбом,нетпринт,,1,,PRINT
альбом до года мальчику,альбом для новорожденного,,1,,PRINT
изготовление свадебного альбома,печать свадебной фотокниги,,1,,PRINT
фотоальбом шаблон,шаблоны фотокниг,,1,,INFO
выпускной альбом детский сад купить,выпускные альбомы для детского сада,,1,,PRINT
альбомы свадебные,свадебный альбом,,1,,PRINT
фото на выпускной в сад,фотосессия в детском саду для выпускного альбома,,1,,PRINT
миронова макеты альбомов,миронова студио,,1,,PRINT
фотосессия на альбом в детском саду,фотограф в детский сад,,1,,PRINT
альбом с напечатанными фотографиями,фотокнига,,1,,PRINT
альбомы из фотографий в виде книги,фотокнига,,1,,PRINT
изготовить фотоальбом на заказ спб,фотокнига на заказ спб,,1,,PRINT
альбом распечатать,фотокнига на заказ,,1,,PRINT
альбом на 18 лет дочери,фотокнига на 18 лет,,1,,PRINT
фотоальбом на заказ в подарок с фотографии,фотокнига на заказ москва,,1,,PRINT
заказать фотокниги через интернет,фотокнига,,0,,PRINT
моя первая фотокнига динозавры,твоя первая фотокнига динозавры,,0,,PRINT
бесплатные фотокниги детский сад,выпускной альбом для детского сада шаблоны,,0,,PRINT
фотогнига,фото книга,,0,,PRINT
коды нетпринт,промокод нетпринт,,0,,PRINT
создать журнал в подарок на день рождения онлайн,сделать журнал в подарок на день рождения,,0,,PRINT
vigbo com,вигбо,,0,,BRANDED
пример свадебной книги,оформление свадебной фотокниги,,0,,PRINT
галицын фото,григорий голицын фотограф,,0,,PRINT
мокап развернутой книги,мокап книги,,0,,PRINT
периодика промокод на первый заказ скидку,периодика промокод,,0,,PRINT
периодика отзывы клиентов,периодика пресс фотокниги,,0,,PRINT
фотофабрика печать,фабрика фотокниги,,0,,PRINT
выпускной альбом рус,фотограф для школьного альбома москва vipusknoy-albom.ru,,0,,PRINT
фотоальбом для первоклассника,альбом первоклассника,,0,,PRINT
фотоальбом на крещение ребенка,фотокнига крещение ребенка,,0,,PRINT
шаблоны фотоальбомов,шаблоны фотокниг,,0,,INFO
фотоальбом на заказ с фотографиями,фотокнига на заказ,,0,,PRINT
красивое название фотоальбома,как можно назвать альбомы с фотографиями,,0,,PRINT
фотоальбом на заказ воронеж,изготовление альбомов с фотографиями на заказ,,0,,PRINT
распечатать альбом с фотографиями спб,фотокнига на заказ спб,,0,,PRINT
типография альбом,фотокнига на заказ москва,,0,,PRINT
выпускные альбомы шаблоны,шаблоны выпускных альбомов,,0,,INFO
выпускной альбом папка,папки на выпускной,,0,,PRINT
выпускной альбом садик пример,выпускной альбом в детском саду образцы,,0,,PRINT
шаблон для школьного альбома,шаблоны выпускных альбомов,,0,,INFO
примеры оформления свадебного альбома,свадебная фотокнига примеры оформления,,0,,PRINT
дизайны выпускных альбомов,дизайн выпускного альбома,,0,,PRINT
фотоальбом премиум,фотокниги премиум класса,,0,,PRINT
фотоальбом самара,фотоальбом,,0,,PRINT
шаблон для школьного фотоальбома,шаблоны выпускных альбомов,,0,,INFO
