query,cluster,demand,clicks,competitiveness,category
создание сайта,создание сайтов,27607,19731,HIGH,NONTARGET
печать визиток,печать визиток,13887,12449,HIGH,PRINT
заказать раскрутку сайта,продвижение сайтов,10100,7942,AVERAGE,NONTARGET
изготовление визиток,печать визиток,6706,6070,AVERAGE,PRINT
заказать сайт под ключ москва,разработка сайтов,5401,5148,AVERAGE,NONTARGET
seo продвижение сайтов заказать,seo продвижение сайта заказать,5076,4136,AVERAGE,NONTARGET
визитки,изготовление визиток,5371,3859,HIGH,PRINT
заказать визитки,изготовление визиток,2797,2629,AVERAGE,PRINT
визитка,визитка,3525,2439,HIGH,PRINT
визитки заказать москва,печать визиток,2661,2399,AVERAGE,PRINT
студия разработки сайтов,разработка сайта под ключ,2973,2257,AVERAGE,NONTARGET
печать визиток москва,печать визиток,2070,2095,AVERAGE,PRINT
дизайн визиток,дизайн визиток,1090,1843,HIGH,PRINT
печать визиток в москве,печать визиток,2410,1769,AVERAGE,PRINT
заказать сайт визитку под ключ,заказать сайт визитку,1998,1571,AVERAGE,NONTARGET
срочная печать визиток,срочная печать визиток,1411,1532,AVERAGE,PRINT
поисковое продвижение сайта seo в москве заказать,раскрутка сайта,1573,1441,AVERAGE,NONTARGET
визитки москва,печать визиток,1773,1428,AVERAGE,PRINT
заказ визиток,печать визиток,1368,1343,AVERAGE,PRINT
визитки заказать москва недорого,печать визиток,1739,1294,AVERAGE,PRINT
заказать сайт визитку,заказать сайт визитку,2077,1277,AVERAGE,NONTARGET
визитки срочно,срочная печать визиток,1384,1258,HIGH,PRINT
визитки на заказ,печать визиток,1805,1187,AVERAGE,PRINT
визитка печать,печать визиток,1383,1168,AVERAGE,PRINT
печать визиток москва дешево,изготовление визиток,665,1168,HIGH,PRINT
распечатать визитки,печать визиток,1439,1085,AVERAGE,PRINT
продвижение сайта в интернете стоимость,поисковое продвижение сайта,1373,1081,AVERAGE,NONTARGET
разработка сайта визитки,заказать сайт визитку,1529,1069,AVERAGE,NONTARGET
напечатать визитки,печать визиток,1370,957,AVERAGE,PRINT
сайт визитка цена,заказать сайт визитку,1097,930,AVERAGE,NONTARGET
визитки печать,печать визиток,1123,926,AVERAGE,PRINT
изготовление визиток москва,изготовление визиток,1285,921,AVERAGE,PRINT
дизайн и печать визиток,дизайн и печать визиток,1069,872,AVERAGE,PRINT
заказать разработку корпоративного сайта,разработка корпоративного сайта,1313,870,AVERAGE,NONTARGET
продвижение нового сайта,сео продвижение нового сайта,1114,835,AVERAGE,NONTARGET
разработка сайта визитки цена,заказать сайт визитку,1354,823,HIGH,NONTARGET
дизайн визитки,дизайн визиток,326,823,HIGH,PRINT
печать визиток в москве недорого,печать визиток,781,806,HIGH,PRINT
сайт визитка под ключ цена,заказать сайт визитку,892,805,HIGH,NONTARGET
типография визитки,заказать визитки,1040,804,AVERAGE,PRINT
визитки с тиснением,визитки с тиснением,699,795,AVERAGE,PRINT
сделать сайт в москве,разработка сайтов,954,785,AVERAGE,NONTARGET
разработка интернет магазинов ключ,разработка интернет магазина,689,779,AVERAGE,PRINT
напечатать визитки в москве,печать визиток,1080,767,AVERAGE,PRINT
сайт визитка,сайт визитка,1305,764,HIGH,NONTARGET
визитки на заказ москва,печать визиток,1129,757,AVERAGE,PRINT
сделать визитки в москве,печать визиток,1065,753,AVERAGE,PRINT
продвижение сайта по россии,продвижение сайта предприятия,904,741,AVERAGE,NONTARGET
создание сайта визитки,сайт визитка,1253,696,HIGH,NONTARGET
создать сайт визитку,сайт визитка,1178,675,HIGH,NONTARGET
цифровая печать в москве,цифровая печать,742,675,HIGH,PRINT
визитки распечатать,печать визиток,762,669,HIGH,PRINT
сделать сайт визитку,сайт визитка,1014,667,HIGH,NONTARGET
типография печать визиток,печать визиток,844,655,AVERAGE,PRINT
продвижение сайта дорого,продвижение сайта,945,640,AVERAGE,NONTARGET
изготовление визиток в москве,печать визиток,921,635,AVERAGE,PRINT
изготовление визиток в москве недорого,изготовление визиток,824,623,AVERAGE,PRINT
заказать визитки недорого,изготовление визиток,836,611,AVERAGE,PRINT
москва печать визиток,печать визиток,834,607,AVERAGE,PRINT
электронная визитка,электронная визитка,764,602,AVERAGE,NONTARGET
сколько стоит сайт визитка,заказать сайт визитку,662,600,AVERAGE,NONTARGET
стоимость дизайна визитки на заказ,дизайн визитки цена,164,590,HIGH,PRINT
сколько стоит сделать сайт визитку,заказать сайт визитку,670,583,HIGH,NONTARGET
заказать печать визиток,изготовление визиток,744,582,AVERAGE,PRINT
создание сайта визитки цена,заказать сайт визитку,888,579,AVERAGE,NONTARGET
разработка сайта визитки под ключ,заказать сайт визитку,888,567,HIGH,NONTARGET
визитки цена,визитки на заказ,800,563,HIGH,PRINT
визитки заказать,печать визиток,1492,554,AVERAGE,PRINT
сайт визитка под ключ,заказать сайт визитку,726,543,AVERAGE,NONTARGET
визитки за час,визитки за час,618,535,HIGH,PRINT
изготовление визиток цена,печать визиток,772,522,AVERAGE,PRINT
дизайн визитки стоимость москва,дизайн визитки цена,146,516,HIGH,PRINT
сколько стоит сайт визитка под ключ,заказать сайт визитку,628,503,HIGH,NONTARGET
разработать сайт визитку,создание сайта визитки,648,502,HIGH,NONTARGET
сайт визитка цена под ключ,заказать сайт визитку,630,499,AVERAGE,NONTARGET
сайт визитка стоимость,заказать сайт визитку,577,499,HIGH,NONTARGET
распечатать визитки москва,печать визиток,656,494,AVERAGE,PRINT
печать визиток наклеек,печать визиток наклеек,398,492,HIGH,PRINT
создание веб сайта,как создать сайт,4653,490,AVERAGE,NONTARGET
визитки москва заказать,печать визиток,609,488,AVERAGE,PRINT
визитки онлайн,создать визитку,230,482,AVERAGE,NONTARGET
заказать визитки в москве,печать визиток,803,474,HIGH,PRINT
заказ визиток в москве,печать визиток,709,467,AVERAGE,PRINT
купить сайт визитку,заказать сайт визитку,528,462,HIGH,NONTARGET
продвижение сайта визитки цена,продвижение сайта визитки цена,471,462,HIGH,NONTARGET
заказать визитки москва,печать визиток,733,461,AVERAGE,PRINT
типография производство,типография,336,457,HIGH,PRINT
стоимость создания сайта визитки,заказать сайт визитку,684,455,HIGH,NONTARGET
создание сайта визитки онлайн,создание сайта визитки,532,454,HIGH,NONTARGET
сайт визитка под ключ москва,заказать сайт визитку,612,451,HIGH,NONTARGET
создание сайта визитки недорого,заказать сайт визитку,578,450,AVERAGE,NONTARGET
создать сайт визитку цена,заказать сайт визитку,538,446,HIGH,NONTARGET
печать визитки,печать визиток,675,438,AVERAGE,PRINT
печать листовок недорого,печать листовок,490,435,AVERAGE,PRINT
кашированный картон,кашированный картон,461,431,AVERAGE,PRINT
визитки заказать pmg,напечатать визитки,462,430,HIGH,BRANDED
заказать визитки в москве недорого с доставкой,печать визиток,632,429,AVERAGE,PRINT
сео продвижение цены,поисковое продвижение сайта,490,422,AVERAGE,NONTARGET
сделать сайт визитку цена,заказать сайт визитку,558,411,AVERAGE,NONTARGET
заказать визитки в москве недорого,печать визиток,739,408,AVERAGE,PRINT
изготовление визиток гарант,типография гарант,394,408,HIGH,PRINT
визитки типография,печать визиток,509,407,AVERAGE,PRINT
визитки в москве,печать визиток,670,404,AVERAGE,PRINT
производство визиток,визитки печать,378,401,HIGH,PRINT
печать визиток гарант,типография гарант,389,398,AVERAGE,PRINT
печать визиток недорого,печать визиток,478,398,AVERAGE,PRINT
сгенерировать визитку нейросеть,ии для создания визиток,437,396,HIGH,NONTARGET
профессиональное создание сайта,разработка сайтов,538,396,AVERAGE,NONTARGET
ии для создания визиток,ии для создания визиток,447,395,HIGH,NONTARGET
печать визиток цена,печать визиток,639,394,AVERAGE,PRINT
создать визитку нейросеть онлайн,ии для создания визиток,428,392,HIGH,NONTARGET
заказать визитки с доставкой,печать визиток,547,392,AVERAGE,PRINT
сделать визитку через нейросеть онлайн,ии для создания визиток,428,391,HIGH,NONTARGET
генерация визиток нейросетью,ии для создания визиток,436,390,HIGH,NONTARGET
нейросеть создать визитку,ии для создания визиток,439,390,HIGH,NONTARGET
визитки срочно москва,срочная печать визиток,494,389,HIGH,PRINT
нейросеть для создания визиток,ии для создания визиток,443,388,HIGH,NONTARGET
нейросеть для визиток,ии для создания визиток,428,388,HIGH,NONTARGET
сделать визитку нейросеть,ии для создания визиток,436,387,HIGH,NONTARGET
нейросеть сгенерировать визитку,ии для создания визиток,433,386,HIGH,NONTARGET
создание визиток с помощью нейросети,ии для создания визиток,439,386,HIGH,NONTARGET
заказ визиток в москве недорого с доставкой,печать визиток,566,385,AVERAGE,PRINT
создать визитку с помощью нейросети,ии для создания визиток,434,383,HIGH,NONTARGET
сделать визитку с помощью нейросети,ии для создания визиток,439,382,HIGH,NONTARGET
сделать сайт визитку онлайн,создание сайта визитки,425,382,HIGH,NONTARGET
создание визитки искусственный интеллект,ии для создания визиток,433,381,HIGH,PRINT
нейросеть по созданию визиток,ии для создания визиток,431,381,HIGH,NONTARGET
типография визитки москва,печать визиток,629,381,AVERAGE,PRINT
сделать в нейросети визитку,ии для создания визиток,430,380,HIGH,NONTARGET
сделать визитку ии,ии для создания визиток,424,380,HIGH,NONTARGET
визитки недорого,визитки заказать,692,379,HIGH,PRINT
создание ии визитки,ии для создания визиток,434,379,HIGH,NONTARGET
сайт визитка онлайн,создание сайта визитки,421,378,HIGH,NONTARGET
сделать визитки в москве недорого,печать визиток,611,377,HIGH,PRINT
срочное изготовление визиток,срочная печать визиток,538,370,HIGH,PRINT
создать сайт визитку онлайн,создание сайта визитки,418,369,HIGH,NONTARGET
визитки недорого в москве,изготовление визиток,643,369,HIGH,PRINT
заказать визитку,печать визиток,615,368,HIGH,PRINT
визитки изготовление,печать визиток,666,366,HIGH,PRINT
заказать сайт визитку в москве,заказать сайт визитку,644,365,HIGH,NONTARGET
заказать визитные карточки,печать визиток,473,363,HIGH,PRINT
как сделать визитку на компьютере самому бесплатно,создать визитку,335,362,HIGH,NONTARGET
заказ визиток в москве недорого,печать визиток,582,360,AVERAGE,PRINT
визитки в москве недорого,печать визиток,564,357,HIGH,PRINT
напечатать визитки в москве недорого,печать визиток,611,355,HIGH,PRINT
визитки напечатать,печать визиток,580,355,HIGH,PRINT
заказать seo продвижение сайта москва,продвижение сайтов,445,351,AVERAGE,NONTARGET
поисковое продвижение сайта гарантии,сео продвижение москва,571,350,AVERAGE,NONTARGET
срочное изготовление визиток москва,срочная печать визиток,365,346,HIGH,PRINT
печать визиток и листовок,печать полиграфии москва,343,344,AVERAGE,PRINT
продвижение сайта визитки,продвижение сайта визитки цена,348,344,AVERAGE,NONTARGET
печать самоклеящихся стикеров,печать наклеек на самоклеющейся бумаге,383,342,AVERAGE,PRINT
создать визитку,создать визитку,439,341,AVERAGE,PRINT
фольгирование,фольгирование,396,336,AVERAGE,PRINT
дизайнерская визитка,дизайнерская визитка,364,333,AVERAGE,PRINT
сайт создать цена,разработка сайтов,362,331,AVERAGE,NONTARGET
изготовления визиток,печать визиток,369,330,AVERAGE,PRINT
печать визиток дешево,печать визиток,560,325,AVERAGE,PRINT
разработка страницы сайта цена,стоимость разработки сайта,371,324,AVERAGE,NONTARGET
как сделать визитку,как сделать визитку,336,320,AVERAGE,INFO
офсетная печать в москве,офсетная печать,314,320,HIGH,PRINT
визитки печать москва,печать визиток,553,319,HIGH,PRINT
создать визитку онлайн,создать визитку,360,317,AVERAGE,NONTARGET
печать визиток срочно,срочная печать визиток,446,314,AVERAGE,PRINT
заказать визитки онлайн,визитки на заказ,585,306,AVERAGE,NONTARGET
дизайн визитки цена,дизайн визитки цена,377,303,HIGH,PRINT
мокап визитки,мокап визитки,280,303,AVERAGE,NONTARGET
печать визиток календарей,типография москва недорого,152,303,HIGH,PRINT
конструктор визиток,создать визитку,352,300,AVERAGE,PRINT
заказать визитные карточки в москве,печать визиток,394,300,HIGH,PRINT
флешка визитка с логотипом,флешка визитка с логотипом,393,299,AVERAGE,PRINT
визитки на заказ москва недорого,печать визиток,469,294,HIGH,PRINT
изготовить визитки в москве недорого,изготовление визиток,560,292,HIGH,PRINT
печать наклеек с резкой,печать наклеек с контурной резкой,363,291,AVERAGE,PRINT
визитки заказать в москве,печать визиток,475,289,AVERAGE,PRINT
заказать визитку в москве,печать визиток,378,286,AVERAGE,PRINT
печать визитных карточек,печать визиток,412,284,HIGH,PRINT
тиснение визитки,визитки с тиснением,411,281,AVERAGE,PRINT
офсетная печать визиток,офсетная печать визиток,454,281,AVERAGE,PRINT
распечатка визиток,печать визиток,388,277,HIGH,PRINT
печать визиток и наклеек,типография напечатать,189,277,HIGH,PRINT
изготовить визитки,печать визиток,475,274,HIGH,PRINT
визитные карточки заказать в москве,визитки на заказ,441,273,AVERAGE,PRINT
визитка изготовление,печать визиток,230,267,AVERAGE,PRINT
визитки дешево,визитки заказать,511,262,HIGH,PRINT
визитки тач кавер,визитки тач кавер,254,261,AVERAGE,PRINT
изготовление визиток в москве недорого цена,изготовление визиток,358,261,HIGH,PRINT
печать визиток москва недорого,печать визиток,466,260,HIGH,PRINT
сайт визитка стоимость разработки,заказать сайт визитку,477,258,HIGH,NONTARGET
где сделать визитки,напечатать визитки в москве,374,253,HIGH,PRINT
изготовление usb флешек визиток с логотипом,изготовление usb флешек визиток с логотипом,254,248,AVERAGE,PRINT
напечатать визитки срочно,срочная печать визиток,258,247,HIGH,PRINT
сделать визитку,создать визитку,425,246,HIGH,PRINT
флешка визитка под нанесение логотипа,флешка визитка с логотипом,266,244,AVERAGE,PRINT
заказать визитки дешево,печать визиток,450,243,HIGH,PRINT
сколько стоит создание сайта визитки,заказать сайт визитку,374,243,HIGH,NONTARGET
заказать сайт визитку недорого,заказать сайт визитку,362,242,AVERAGE,NONTARGET
конструктор сайтов визиток,создать сайт визитку,224,240,HIGH,NONTARGET
изготовление визитки,печать визиток,218,238,AVERAGE,PRINT
цифровая печать визиток,печать визиток москва,358,238,AVERAGE,PRINT
флешка карточка с логотипом,флешка визитка с логотипом,262,238,AVERAGE,PRINT
визитки листовки,печать визиток и листовок,278,237,HIGH,PRINT
изготовление визиток москва дешево,печать визиток,394,233,HIGH,PRINT
срочная печать визиток москва,срочная печать визиток,327,233,HIGH,PRINT
сделать визитки в москве недорого цены,изготовление визиток,362,232,HIGH,PRINT
печать визиток pmg,типография pmg,246,232,HIGH,BRANDED
реклама визитки буклеты,полиграфии,305,231,HIGH,PRINT
визитка на заказ,заказать визитки,267,229,AVERAGE,PRINT
сайт визитка заказать,заказать сайт визитку,379,227,AVERAGE,NONTARGET
сайт визитка на заказ,заказать сайт визитку,398,227,AVERAGE,NONTARGET
изготовление визиток на заказ,печать визиток,402,226,AVERAGE,PRINT
создание сайта визитки под ключ,заказать сайт визитку,524,225,HIGH,NONTARGET
москва изготовление визиток,печать визиток,281,225,AVERAGE,PRINT
визитки москва печать,печать визиток,266,225,AVERAGE,PRINT
визитки заказ,визитки на заказ,250,222,AVERAGE,PRINT
магнитные визитки,магнитные визитки,293,218,AVERAGE,PRINT
разработка сайта визитки di-project,di project,195,218,HIGH,NONTARGET
визитки тиснение,визитки с тиснением,207,217,AVERAGE,PRINT
размер визитки,размер визитки,841,217,HIGH,INFO
визитка с тиснением,визитки с тиснением,203,216,AVERAGE,PRINT
цена визитки,печать визиток,289,215,AVERAGE,PRINT
заказать визитки в москве с доставкой,печать визиток,310,215,AVERAGE,PRINT
печать с фольгированием,фольгирование,180,213,HIGH,PRINT
сделать визитку онлайн,создать визитку,273,212,AVERAGE,NONTARGET
создать сайт визитку бесплатно,создать сайт визитку,207,212,HIGH,NONTARGET
фольгирование в полиграфии,фольгирование,195,211,AVERAGE,PRINT
визитки заказать онлайн,визитки на заказ,323,210,AVERAGE,NONTARGET
изготовление визиток недорого,изготовление визиток,263,206,AVERAGE,PRINT
оперативная печать визиток,печать визиток в москве,231,203,HIGH,PRINT
электронные визитки,электронная визитка,219,203,AVERAGE,NONTARGET
визитки с золотым тиснением,визитки с тиснением,264,201,HIGH,PRINT
создание сайта визитки в москве,заказать сайт визитку,417,201,AVERAGE,NONTARGET
печать пластиковых визиток,пластиковые визитки,217,197,HIGH,PRINT
заказать визитки онлайн москва,изготовление визиток,249,196,AVERAGE,NONTARGET
печатать визитки,печать визиток,273,196,HIGH,PRINT
seo продвижение сайта визитки,продвижение сайта визитки цена,252,196,AVERAGE,NONTARGET
сайт визитка di-project,создание сайта di-project.studio,182,193,HIGH,NONTARGET
сколько времени создается сайт визитка,сколько по времени занимает создание сайта,86,191,AVERAGE,NONTARGET
напечатать визитку,печать визиток,359,187,HIGH,PRINT
конструктор сайтов визиток бесплатно,создать сайт визитку,139,185,HIGH,NONTARGET
сделать сайт визитку бесплатно,создать сайт визитку,140,182,HIGH,NONTARGET
пластиковые визитки,пластиковые визитки,247,182,HIGH,PRINT
печать на дизайнерской бумаге,печать на дизайнерской бумаге,187,182,AVERAGE,PRINT
печать визиток листовки буклеты,печатная типография,182,181,AVERAGE,PRINT
печать визиток листовок москва,типография москва недорого,180,179,AVERAGE,PRINT
визитки заказать москва срочно printhit,распечатать плакат москва printhit,179,178,HIGH,BRANDED
сайт визитка для стоматологии конструктор,как бесплатно создать сайт для стоматологии,55,178,AVERAGE,NONTARGET
визитки с доставкой,печать визиток,236,177,AVERAGE,PRINT
двусторонние визитки,двусторонние визитки,193,177,HIGH,PRINT
типография москва визитки,печать визиток,195,177,AVERAGE,PRINT
сколько средний срок разработки сайта визитки,сколько времени уходит на создание сайта,56,175,AVERAGE,NONTARGET
сайт визитка москва,заказать сайт визитку,270,175,AVERAGE,NONTARGET
печать визиток быстро,визитки срочно,176,173,HIGH,PRINT
электронная визитка создать,электронная визитка,212,173,AVERAGE,NONTARGET
сайт визитка пример,визитка сайт,197,171,AVERAGE,NONTARGET
шаблон визитки,шаблон визитки,200,171,AVERAGE,INFO
формат визиток для печати,размер визитки,182,171,AVERAGE,PRINT
изготовление визитных карточек,печать визиток,204,171,AVERAGE,PRINT
типография изготовление визиток,печать визиток,249,170,HIGH,PRINT
сколько стоит визитка,визитки печать,213,169,AVERAGE,PRINT
создать визитку онлайн бесплатно,создать визитку,157,169,AVERAGE,NONTARGET
визитки дешево в москве,визитки заказать москва,275,168,HIGH,PRINT
визитки заказать недорого,визитки заказать,293,167,AVERAGE,PRINT
создать визитку онлайн бесплатно и сохранить,создать визитку,161,167,AVERAGE,NONTARGET
визитки доставка,печать визиток,196,167,AVERAGE,PRINT
сайт визитка компании,сайт визитка,254,166,HIGH,NONTARGET
конструктор визиток онлайн,создать визитку,190,166,AVERAGE,NONTARGET
визитки стоимость,печать визиток,124,165,AVERAGE,PRINT
визитка заказать москва,визитки заказать,185,164,AVERAGE,PRINT
визитки дешево москва,визитки заказать москва,313,164,HIGH,PRINT
напечатать визитки дешево,изготовление визиток,281,164,HIGH,PRINT
печать визитки москва,печать визиток,184,164,AVERAGE,PRINT
битрикс создания сайтов,разработка сайтов на битрикс,94,164,HIGH,NONTARGET
сделать визитки москва,печать визиток,349,163,HIGH,PRINT
видео визитка команды макет,видео визитка команды макет,46,161,HIGH,PRINT
заказ визиток с доставкой printhit,визитки заказать москва срочно printhit,162,161,AVERAGE,BRANDED
заказать сайт визитку on-target pro,seo продвижение on-target pro,162,160,HIGH,NONTARGET
визитка онлайн конструктор бесплатно,создать визитку,186,160,AVERAGE,NONTARGET
сделать визитки,дизайн визиток,480,158,HIGH,PRINT
визитка онлайн,создать визитку,198,156,AVERAGE,NONTARGET
визитки купить,визитки на заказ,314,156,HIGH,PRINT
визитка типография,заказать визитки,171,155,AVERAGE,PRINT
разработка логотипа визитки,услуги по разработке логотипов,115,154,HIGH,PRINT
заказать визитки в москве недорого 100 шт,визитки заказать,214,153,HIGH,PRINT
печать визиток москва цена,изготовление визиток,324,151,AVERAGE,PRINT
печать визиток дешево москва,изготовление визиток,321,150,HIGH,PRINT
визитки на пластике,пластиковые визитки,193,149,AVERAGE,PRINT
где напечатать визитки,печать визиток,179,148,AVERAGE,PRINT
стоимость печати визиток,визитки на заказ,196,148,AVERAGE,PRINT
сайты визитки,сайт визитка,234,147,HIGH,NONTARGET
магнитные визитки заказать,магнитные визитки,155,147,AVERAGE,PRINT
дешево визитки,визитки заказать москва,285,146,HIGH,PRINT
заказ визиток москва,печать визиток,260,145,HIGH,PRINT
визитки на заказ недорого,печать визиток,197,145,AVERAGE,PRINT
москва срочная печать визиток,срочная печать визиток,167,145,AVERAGE,PRINT
визитки наклейки заказать,печать визиток наклеек,119,144,HIGH,PRINT
изготовление визиток москва срочно,срочная печать визиток,195,142,HIGH,PRINT
визитки онлайн конструктор бесплатно,создать визитку,151,142,AVERAGE,NONTARGET
заказать изготовление визиток,изготовление визиток,321,142,HIGH,PRINT
визитки москва дешево,визитки на заказ,219,142,HIGH,PRINT
визитки москва недорого,изготовление визиток,178,142,AVERAGE,PRINT
где заказать визитки,визитки на заказ,179,141,HIGH,PRINT
типография визиток,печать визиток,183,140,AVERAGE,PRINT
визитки заказать москва срочно,срочная печать визиток,370,140,AVERAGE,PRINT
qr визитка,qr визитка,177,140,AVERAGE,NONTARGET
цифровая визитка,электронная визитка,141,138,AVERAGE,NONTARGET
раскрутка сайта ссылками,продвижение сайта ссылками,227,138,AVERAGE,NONTARGET
визитки на картоне,печать визиток на картоне,171,137,AVERAGE,PRINT
заказать буклеты и визитки недорого,услуги типографии в москве,208,137,HIGH,PRINT
создание сайта визитки магазин,создание сайта визитки,191,132,HIGH,NONTARGET
сайт визитка раскрутка,продвижение сайта визитки цена,169,132,AVERAGE,NONTARGET
визитки заказать москва недорого цены,печать визиток,211,131,AVERAGE,PRINT
визитки недорого москва,визитки на заказ,263,131,HIGH,PRINT
элитные визитки,элитные визитки,148,131,AVERAGE,PRINT
цифровая уф печать,уф печать москва,117,131,AVERAGE,PRINT
печать с тиснением золотом,визитки с золотым тиснением,158,131,AVERAGE,PRINT
визитки наклейки,печать визиток наклеек,90,130,AVERAGE,PRINT
изготовление сайта визитки,заказать сайт визитку,187,130,HIGH,NONTARGET
визитки копирка,визитки копирка,124,127,HIGH,PRINT
создание сайтов визиток,сайт визитка,233,127,HIGH,NONTARGET
печать на наклейке,печать наклеек,141,127,HIGH,PRINT
копирка визитка,визитки копирка,118,126,HIGH,PRINT
печать визиток на пластике,пластиковые визитки,120,124,AVERAGE,PRINT
визитки металлические,металлическая визитка,136,123,HIGH,PRINT
мокап визитка,мокап визитки,114,123,AVERAGE,NONTARGET
визитка заказать,визитки,215,122,HIGH,PRINT
электронные визитки для компании,электронные визитки,121,122,AVERAGE,NONTARGET
визитки быстро,визитки срочно,193,122,HIGH,PRINT
стоимость визитки,печать визиток,128,122,HIGH,PRINT
сайт визитка недорого,заказать сайт визитку,152,121,AVERAGE,NONTARGET
визитка купить,заказать визитки,168,121,HIGH,PRINT
сделать электронную визитку,электронная визитка,124,121,AVERAGE,NONTARGET
визитки реклама,визитки реклама,147,121,HIGH,PRINT
визитки из металла,металлическая визитка,131,119,HIGH,PRINT
создать сайт визитку bmmedia,создать сайт визитку bmmedia,91,118,HIGH,NONTARGET
создать сайт визитку в москве,заказать сайт визитку,197,118,AVERAGE,NONTARGET
срочно визитки,срочная печать визиток,128,117,AVERAGE,PRINT
как в паблишере создать визитку по шаблону,как в паблишере создать визитку по шаблону,41,117,AVERAGE,INFO
металлическая визитка,металлическая визитка,117,117,HIGH,PRINT
цена визиток,визитки печать,135,116,HIGH,PRINT
заказать сайт визитку под ключ on-target pro,заказать сайт визитку,119,116,HIGH,NONTARGET
визитки москва tipografia-gorod,визитки москва tipografia-gorod,107,116,HIGH,BRANDED
заказать создание сайта визитки,заказать сайт визитку,201,115,AVERAGE,NONTARGET
печать визиток цены,печать визиток,227,115,HIGH,PRINT
печать визиток в москве срочно,срочная печать визиток,148,115,HIGH,PRINT
макет визитки онлайн создать и сохранить бесплатно самому,создать визитку,108,114,AVERAGE,NONTARGET
визитки пластиковые,пластиковые визитки,190,114,AVERAGE,PRINT
макет визитки,дизайн визиток,153,113,AVERAGE,PRINT
визитки заказать москва pmg,типография pmg,121,113,HIGH,BRANDED
пластиковые визитки заказать,пластиковые визитки,129,112,AVERAGE,PRINT
дизайн визитки стоимость,дизайн визитки цена,87,112,HIGH,PRINT
конструктор визиток онлайн бесплатно,создать визитку,79,112,AVERAGE,NONTARGET
хостинги для визиток,хостинги для визиток,49,112,AVERAGE,PRINT
создание сайтов визиток москва,заказать сайт визитку,173,112,HIGH,NONTARGET
сайт под ключ спб,разработка сайтов санкт петербург,158,112,HIGH,NONTARGET
визитки заказать в москве недорого,печать визиток,198,111,AVERAGE,PRINT
прозрачные визитки из пластика,пластиковые визитки,100,111,AVERAGE,PRINT
визитка размер,размер визитки,214,111,HIGH,PRINT
визитки на заказ недорого в москве,печать визиток,134,111,AVERAGE,PRINT
сайт визитка разработка,создание сайта визитки,157,109,HIGH,NONTARGET
визитка сайт,сайт визитка,173,109,HIGH,NONTARGET
металлические визитки,металлическая визитка,137,109,HIGH,PRINT
производство стикеров на заказ,наклейки на заказ,113,109,AVERAGE,PRINT
креативные визитки,необычные визитки,144,108,HIGH,PRINT
заказать визитки в москве недорого digital-printing.ru,визитки цена,124,108,HIGH,BRANDED
печать визиток icolorit,типография цифровая этикетка icolorit,93,107,AVERAGE,BRANDED
ламинированные визитки,ламинированные визитки,142,107,AVERAGE,PRINT
печать с золотым тиснением,золотое тиснение,111,107,AVERAGE,PRINT
визитки с тиснением москва,визитки с тиснением,126,106,AVERAGE,PRINT
заказать разработку сайта визитки,заказать сайт визитку,171,105,AVERAGE,NONTARGET
создание разработка сайта визитка,создание сайта визитки,180,105,AVERAGE,NONTARGET
раскрутка сайта визитки москва,продвижение сайта визитки цена,113,105,HIGH,NONTARGET
сделать визитку онлайн бесплатно самому и сохранить,создать визитку,110,103,AVERAGE,NONTARGET
необычные визитки,необычные визитки,137,100,HIGH,PRINT
сайт визитка купить,заказать сайт визитку,157,100,AVERAGE,NONTARGET
офсетная печать визиток printhit,распечатать плакат москва printhit,101,100,HIGH,BRANDED
персональный сайт визитка,сайт визитка,141,99,HIGH,NONTARGET
изготовить визитки в москве,печать визиток,150,99,AVERAGE,PRINT
сайт визитка di-project.studio,создание сайта di-project.studio,101,99,AVERAGE,NONTARGET
примеры визиток,примеры визиток,140,99,AVERAGE,INFO
печать визиток москва недорого digital-printing.ru,диджитал принтинг,112,98,HIGH,BRANDED
сайт визитку,сайт визитка,145,98,HIGH,NONTARGET
заказать сайт визитку под ключ цена,заказать сайт визитку,171,98,HIGH,NONTARGET
распечатать визитку,печать визиток,116,98,AVERAGE,PRINT
изготовление визиток в москве цена,заказать визитки,222,97,HIGH,PRINT
магнитные визитки цена,магнитные визитки,106,97,HIGH,PRINT
визитки в москве заказать,изготовление визиток,127,97,AVERAGE,PRINT
купить сайт для интернет магазина,заказать интернет магазин недорого,145,97,HIGH,NONTARGET
изготовить визитки в москве недорого digital-printing.ru,диджитал принтинг,111,96,HIGH,BRANDED
магнитные визитки москва,магнитные визитки,86,96,AVERAGE,PRINT
двухсторонние визитки,двусторонние визитки,167,96,HIGH,PRINT
визитки с qr кодом на заказ,визитки с qr кодом на заказ,72,95,HIGH,NONTARGET
создание сайта визитка москва,заказать сайт визитку,162,95,HIGH,NONTARGET
визитки заказать москва цена,изготовление визиток,119,95,AVERAGE,PRINT
печать визиток coral-print.ru,полиграфия coral-print.ru,118,95,HIGH,BRANDED
визитки заказать качественные,визитки цена,119,95,AVERAGE,PRINT
напечатать визитки в москве недорого digital-printing.ru,типография рядом digital-printing.ru,110,95,HIGH,BRANDED
визитка мокап,мокап визитки,97,94,AVERAGE,NONTARGET
заказать визитки цена,изготовление визиток,119,94,AVERAGE,PRINT
печать визиток недорого москва digital-printing.ru,москва типография digital-printing.ru,107,93,HIGH,BRANDED
визитки москва digital-printing.ru,типография рядом digital-printing.ru,105,93,HIGH,BRANDED
изготовление визиток москва digital-printing.ru,москва типография digital-printing.ru,106,93,HIGH,BRANDED
где распечатать визитки,печать визиток,140,92,HIGH,PRINT
печать визиток недорого москва,печать визиток,253,92,HIGH,PRINT
визитка яроша что это,визитка яроша что это,94,92,AVERAGE,PRINT
печать визиток корал принт,печать на холсте москва корал принт,92,91,HIGH,PRINT
печать визиток на картоне,печать визиток на картоне,212,91,AVERAGE,PRINT
создать сайт визитка в москве,заказать сайт визитку,136,91,AVERAGE,NONTARGET
сколько стоит сделать визитку,печать визиток москва цена,112,91,HIGH,PRINT
печать 1000 визиток,сколько стоит печать визиток,108,90,HIGH,PRINT
заказать визитки в москве digital-printing.ru,диджитал принтинг,105,90,HIGH,BRANDED
изготовление визиток icolorit,типография цифровая этикетка icolorit,77,90,AVERAGE,BRANDED
изготовление визиток с логотипом icolorit,типография цифровая этикетка icolorit,76,89,AVERAGE,BRANDED
купить визитки на заказ,визитки заказать москва,96,88,AVERAGE,PRINT
печать двухсторонних визиток,двусторонние визитки,112,88,HIGH,PRINT
онлайн генератор qr визиток,qr визитка,97,88,AVERAGE,NONTARGET
заказать визитки онлайн icolorit,заказать визитки онлайн icolorit,75,88,HIGH,NONTARGET
создать сайт визитка,сайт визитка,229,88,HIGH,NONTARGET
печать визиток москва цена first-stand,печать визиток,96,88,AVERAGE,BRANDED
сайт каталог разработка,разработка сайта каталога,176,88,AVERAGE,NONTARGET
заказать визитки москва digital-printing.ru,типография рядом digital-printing.ru,101,87,HIGH,BRANDED
печать визитки digital-printing.ru,диджитал принтинг,100,87,HIGH,BRANDED
визитки печать digital-printing.ru,типография рядом digital-printing.ru,100,87,HIGH,BRANDED
визитки изготовление digital-printing.ru,диджитал принтинг,102,87,HIGH,BRANDED
сделать визитки printkov,печать прозрачных наклеек printkov,101,87,HIGH,BRANDED
сделать визитку онлайн бесплатно,создать визитку,109,86,AVERAGE,NONTARGET
визитки с ламинированием,ламинированные визитки,101,86,AVERAGE,PRINT
стикеры для визитки,печать визиток наклеек,65,86,HIGH,PRINT
визитки онлайн бесплатно сделать и скачать,создать визитку,106,86,AVERAGE,NONTARGET
напечатать визитки в москве digital-printing.ru,типография рядом digital-printing.ru,100,86,HIGH,BRANDED
разработка web сайтов сайт визитка,разработать сайт визитку,130,86,HIGH,NONTARGET
вип визитки,элитные визитки,121,86,AVERAGE,PRINT
заказать визитки на магнитах,магнитные визитки,101,85,HIGH,PRINT
визитки в москве digital-printing.ru,диджитал принтинг,102,85,HIGH,BRANDED
визитки на прозрачном пластике,прозрачные визитки,91,85,AVERAGE,PRINT
визитка печать digital-printing.ru,типография рядом digital-printing.ru,100,85,HIGH,BRANDED
изготовление визиток printhit,распечатать плакат москва printhit,85,85,HIGH,BRANDED
заказать 1000 визиток,печать 1000 визиток,102,84,HIGH,PRINT
печать визиток tipografia-gorod,печать визиток tipografia-gorod,93,84,HIGH,BRANDED
печать визиток в москве pmg,типография pmg,89,84,HIGH,BRANDED
визитки принт,визитки заказать москва недорого,90,84,AVERAGE,PRINT
визитки двухсторонние,двусторонние визитки,139,84,HIGH,PRINT
печать визиток на картоне icolorit,печать визиток на картоне,72,84,AVERAGE,BRANDED
печать на дизайнерском картоне,печать на дизайнерском картоне,41,84,AVERAGE,PRINT
пластиковые визитные карточки,пластиковые визитки,71,84,HIGH,PRINT
создание сайта визитки компании,заказать сайт визитку,118,83,HIGH,NONTARGET
визитки рядом,визитки на заказ,31,83,HIGH,PRINT
наклейки визитки,печать визиток наклеек,99,83,HIGH,PRINT
визитки под заказ,визитки на заказ,104,83,AVERAGE,PRINT
сделать визитку онлайн бесплатно самому,создать визитку,79,83,AVERAGE,NONTARGET
печать визиток москва дешево digital-printing.ru,типография рядом digital-printing.ru,95,82,HIGH,BRANDED
изготовление визиток digital-printing.ru,типография рядом digital-printing.ru,98,82,HIGH,BRANDED
визитки москва срочно,срочная печать визиток,133,82,AVERAGE,PRINT
сайт визитки,сайт визитка,138,82,HIGH,NONTARGET
заказать сайт визитку цены,заказать сайт визитку,212,82,AVERAGE,NONTARGET
визитки на заказ pmg,типография pmg,86,81,HIGH,BRANDED
изготовление визиток pmg,типография pmg,86,81,HIGH,BRANDED
печать визиток дешево digital-printing.ru,типография рядом digital-printing.ru,96,81,HIGH,BRANDED
визитка онлайн конструктор бесплатно и сохранить,создать визитку,90,81,AVERAGE,NONTARGET
создание визиток онлайн бесплатно,создать визитку,104,81,AVERAGE,NONTARGET
визитки печать москва digital-printing.ru,типография рядом digital-printing.ru,95,81,HIGH,BRANDED
печать визиток дешево москва digital-printing.ru,диджитал принтинг,95,80,HIGH,BRANDED
сделать визитки digital-printing.ru,диджитал принтинг,97,80,HIGH,BRANDED
создание сайта визитки недорого москва,заказать сайт визитку,131,80,HIGH,NONTARGET
html шаблоны визитки,html шаблоны визитки,23,80,AVERAGE,INFO
визитка из металла,металлическая визитка,92,80,AVERAGE,PRINT
печать визиток москва digital-printing.ru,типография рядом digital-printing.ru,95,80,HIGH,BRANDED
изготовление наклеек дешево,наклейки на заказ,103,80,AVERAGE,PRINT
визитки воздушные шары,визитки воздушные шары,45,79,AVERAGE,PRINT
типография визитки москва digital-printing.ru,типография рядом digital-printing.ru,93,79,HIGH,BRANDED
заказать печать визиток icolorit,типография цифровая этикетка icolorit,66,79,HIGH,BRANDED
нфс визитка,nfc визитка,40,79,HIGH,PRINT
nfc визитки,nfc визитка,55,79,HIGH,PRINT
печать визиток с тиснением,визитки с тиснением,96,79,AVERAGE,PRINT
визитки coral-print.ru,типография coral-print.ru,95,79,HIGH,BRANDED
печать визиток на фсфера ру,фотосфера,85,79,HIGH,PRINT
стоимость сайта визитки,заказать сайт визитку,86,79,HIGH,NONTARGET
принтут,printut,95,79,HIGH,PRINT
печать визиток в москве недорого digital-printing.ru,заказать визитки в москве недорого digital-printing.ru,92,78,HIGH,BRANDED
заказать сайт визитку qikweb.ru,заказать сайт визитку,81,78,AVERAGE,NONTARGET
печать листовок и визиток,печать визиток и листовок,78,78,HIGH,PRINT
типография визитки digital-printing.ru,типография рядом digital-printing.ru,94,78,HIGH,BRANDED
нейросети для дизайна,нейросеть для дизайна,109,78,HIGH,NONTARGET
визитки магниты,магнитные визитки,104,77,HIGH,PRINT
визитка двусторонняя,двусторонние визитки,82,77,HIGH,PRINT
визитки с лаком,визитки с лаком,100,77,AVERAGE,PRINT
создание сайта визитки bmmedia,создание сайта визитки bmmedia,57,77,HIGH,NONTARGET
срочно сделать визитки в москве,срочная печать визиток,60,77,HIGH,PRINT
онлайн визитка,создать визитку,131,77,AVERAGE,NONTARGET
визитки за 1 час,визитки за час,67,77,AVERAGE,PRINT
распечатать наклейки на заказ,печать наклеек,116,77,AVERAGE,PRINT
печать визиток digital-printing.ru,диджитал принтинг,90,76,HIGH,BRANDED
визитки с объемным лаком,визитки с объемным лаком,83,76,AVERAGE,PRINT
создание сайта визитки рф,заказать сайт визитку,115,76,HIGH,NONTARGET
двусторонняя печать визиток,двусторонние визитки,78,76,HIGH,PRINT
печать визиток 1000 шт,печать 1000 визиток,93,76,HIGH,PRINT
создание дизайн сайта визитки,сайт визитка,111,76,HIGH,NONTARGET
сайты визитки seo продвижение,продвижение сайта визитки цена,94,76,AVERAGE,NONTARGET
создание сайта визитки под ключ цен,разработка сайта визитки цена,115,75,HIGH,NONTARGET
типография печать визиток digital-printing.ru,типография рядом digital-printing.ru,91,75,HIGH,BRANDED
одностраничный сайт визитка qikweb.ru,одностраничный сайт визитка qikweb.ru,79,75,AVERAGE,NONTARGET
пластиковые визитки москва,пластиковые визитки,83,75,AVERAGE,PRINT
заказать визитки в москве недорого printkov,печать прозрачных наклеек printkov,90,74,HIGH,BRANDED
разработка адаптированного одностраничного сайта визитки qikweb.ru,одностраничный сайт визитка qikweb.ru,79,74,AVERAGE,NONTARGET
разработка сайта визитки в санкт петербурге,создание сайта визитки в санкт петербурге,110,74,HIGH,NONTARGET
визитки дизайнерские,дизайнерская визитка,84,74,AVERAGE,PRINT
печать визитки printkov,печать прозрачных наклеек printkov,89,74,HIGH,BRANDED
как создать сайт визитку,сайт визитка,63,74,HIGH,NONTARGET
личная визитка,визитка,48,74,AVERAGE,PRINT
визитки 100 шт цена,визитки цена,147,74,HIGH,PRINT
ритуальные услуги визитка,визитка ритуальные услуги,47,73,AVERAGE,PRINT
визитка печать printkov,печать прозрачных наклеек printkov,91,73,HIGH,BRANDED
визитки printkov,печать прозрачных наклеек printkov,91,73,HIGH,BRANDED
nfc визитка,nfc визитка,88,73,HIGH,PRINT
создание сайта визитки спб,создание сайта визитки в санкт петербурге,109,73,HIGH,NONTARGET
где можно заказать визитки,визитки на заказ,87,73,HIGH,PRINT
прозрачные визитки,пластиковые визитки,102,73,AVERAGE,PRINT
создать макет визитки бесплатно онлайн,создать визитку,89,73,AVERAGE,NONTARGET
создание сайта визитки в санкт петербурге,создание сайта визитки в санкт петербурге,111,73,HIGH,NONTARGET
разработка сайта визитки в спб,создание сайта визитки в санкт петербурге,110,73,HIGH,NONTARGET
печать 100 визиток,печать визиток быстро,93,72,AVERAGE,PRINT
хостинг для сайта визитки,хостинги для визиток,46,72,AVERAGE,NONTARGET
визитки нижний новгород,визитки нижний новгород,14,72,HIGH,PRINT
пример визитки,примеры визиток,93,72,AVERAGE,PRINT
альфа банк визитки отделений,альфа банк отделения,60,72,AVERAGE,PRINT
сколько стоит сайт визитка на тильде,сколько стоит разработка сайта на тильде,87,72,HIGH,NONTARGET
создание и продвижение сайта визитки,разработка сайта визитки,126,72,AVERAGE,NONTARGET
типография года,типографии в москве,67,72,AVERAGE,PRINT
заказать визитки printkov,печать прозрачных наклеек printkov,88,71,HIGH,BRANDED
визитки с доставкой москва printhit,визитки заказать москва срочно printhit,72,71,HIGH,BRANDED
изготовление визиток москва printkov,печать прозрачных наклеек printkov,87,71,HIGH,BRANDED
визитка магнит на холодильник цена,магнитные визитки,108,71,HIGH,PRINT
визитки изготовление printkov,печать прозрачных наклеек printkov,87,71,HIGH,BRANDED
двусторонняя визитка,двусторонние визитки,85,71,HIGH,PRINT
разработка веб сайта визитка,создать сайт визитку,124,71,HIGH,NONTARGET
визитки печать printkov,печать прозрачных наклеек printkov,88,71,HIGH,BRANDED
визитка металлическая,металлическая визитка,78,71,HIGH,PRINT
визитки 100 штук,визитки цена,105,71,HIGH,PRINT
фольгирование на визитках,печать с фольгированием,24,70,AVERAGE,PRINT
печать визиток москва printkov,печать прозрачных наклеек printkov,86,70,HIGH,BRANDED
визитки детейлинг,визитки детейлинг,46,70,AVERAGE,PRINT
уф печать визиток,уф печать визиток,100,70,AVERAGE,PRINT
заказ визитки,печать визиток в москве,76,69,AVERAGE,PRINT
визитки в москве недорого с доставкой printhit,визитки заказать,69,69,AVERAGE,BRANDED
сделать сайт визитку на сервисе,создать сайт визитку,91,69,HIGH,NONTARGET
заказать печать визиток digital-printing.ru,типография рядом digital-printing.ru,82,69,HIGH,BRANDED
визитки за 1 день,визитки за 1 день,77,69,HIGH,PRINT
заказ визиток онлайн,визитки на заказ,97,69,AVERAGE,NONTARGET
визитка на магните на холодильник,магнитные визитки,94,69,HIGH,PRINT
визитки цена 100 шт,визитные карточки заказать в москве,101,69,AVERAGE,PRINT
печать визиток на плотной бумаге,печать визиток на плотной бумаге,84,69,AVERAGE,PRINT
визитки мясного магазина,визитки мясного магазина,43,69,HIGH,PRINT
умная визитка nfc,nfc визитка,37,69,HIGH,PRINT
образец визитки,шаблон визитки,81,69,AVERAGE,INFO
печать визиток с доставкой printhit,распечатать плакат москва printhit,70,69,HIGH,BRANDED
визитка онлайн конструктор,создать визитку,88,69,AVERAGE,NONTARGET
разработка сайта на тильде стоимость,создание сайта на тильде цена,159,69,HIGH,NONTARGET
флешка визитка,флешка визитка с логотипом,108,68,HIGH,PRINT
размер визитки в фотошопе,размер визитки в фотошопе,30,68,AVERAGE,NONTARGET
визитка ритуальные услуги,визитка ритуальные услуги,45,68,AVERAGE,PRINT
визитки заказать недорого izoproekt,визитки заказать izoproekt,75,68,AVERAGE,BRANDED
печать визиток в москве digital-printing.ru,диджитал принтинг,84,68,HIGH,BRANDED
конструктор визиток онлайн бесплатно с сохранением,создать визитку,57,68,AVERAGE,NONTARGET
шаблоны визиток скачать,шаблон визитки,69,68,AVERAGE,INFO
визитка пример,примеры визиток,94,68,AVERAGE,PRINT
визитка заказать izoproekt,визитка заказать izoproekt,77,68,LOW,BRANDED
печать визиток москва срочно,срочная печать визиток,73,68,HIGH,PRINT
фольгирование цена,печать с фольгированием,26,68,AVERAGE,PRINT
сделать визитки москва printkov,печать прозрачных наклеек printkov,83,67,HIGH,BRANDED
визитки заказать printkov,печать прозрачных наклеек printkov,83,67,HIGH,BRANDED
визитка двухсторонняя цена,двусторонние визитки,83,67,HIGH,PRINT
как сделать несколько визиток на одном листе,как сделать несколько визиток на одном листе,50,67,AVERAGE,INFO
визитка стандартные размеры,размер визитки,54,67,AVERAGE,PRINT
фольгирование визиток,печать с фольгированием,28,67,HIGH,PRINT
визитки с ламинацией,с ламинацией,96,67,AVERAGE,PRINT
сайт визитка на тильде,создание сайта визитки на тильде,73,67,HIGH,NONTARGET
фольгированная печать,печать с фольгированием,28,67,HIGH,PRINT
seo продвижение seotica,комплексное продвижение сайтов оптимизация seo tica,112,67,HIGH,NONTARGET
доставка визитка,доставка визитка,74,66,AVERAGE,PRINT
визитки digital-printing.ru,типография рядом digital-printing.ru,78,66,HIGH,BRANDED
печать визиток за час,визитки за час,73,66,HIGH,PRINT
напечатать визитку printkov,печать прозрачных наклеек printkov,79,66,HIGH,BRANDED
визитки офсетная печать,офсетная печать визиток,69,66,AVERAGE,PRINT
печать визиток москва дешево printkov,печать прозрачных наклеек printkov,82,66,HIGH,BRANDED
уф лак на визитках,визитки с лаком,26,66,AVERAGE,PRINT
визитка ветеринарной клиники,визитка ветеринарной клиники,43,66,HIGH,PRINT
визитки на заказ printkov,печать прозрачных наклеек printkov,82,66,HIGH,BRANDED
типография визитки москва printkov,печать прозрачных наклеек printkov,82,66,HIGH,BRANDED
визитка массажиста,визитка массажиста,70,66,HIGH,PRINT
визитки печать москва printkov,печать прозрачных наклеек printkov,81,66,HIGH,BRANDED
визитки заказать izoproekt,визитка заказать izoproekt,76,66,AVERAGE,BRANDED
дешево визитки printkov,печать прозрачных наклеек printkov,81,66,HIGH,BRANDED
заказать визитки digital-printing.ru,диджитал принтинг,81,66,HIGH,BRANDED
визитки в москве printkov,печать прозрачных наклеек printkov,81,66,HIGH,BRANDED
конструктор сайта визитки,создать сайт визитку,117,65,HIGH,NONTARGET
фольгирование визитки,печать с фольгированием,34,65,AVERAGE,PRINT
сделать визитки в москве printkov,печать прозрачных наклеек printkov,79,65,HIGH,BRANDED
заказать сайт визитку москва pictus,заказать сайт визитку москва pictus,73,65,AVERAGE,NONTARGET
заказ визиток в москве недорого digital-printing.ru,типография рядом digital-printing.ru,81,65,HIGH,BRANDED
где можно напечатать визитки,печать визиток,66,64,AVERAGE,PRINT
видеовизитка или видео визитка как пишется,видеовизитка,47,64,LOW,PRINT
двухсторонняя визитка,двусторонние визитки,70,64,HIGH,PRINT
заказ визиток в москве digital-printing.ru,типография рядом digital-printing.ru,76,64,HIGH,BRANDED
qr код визитка,qr визитка,62,64,AVERAGE,NONTARGET
офсетная печать типография москва,типография офсет москва,73,64,HIGH,PRINT
визитки софт тач,визитки софт тач,90,63,HIGH,PRINT
печать визиток дешево москва printkov,печать прозрачных наклеек printkov,78,63,HIGH,BRANDED
печать визиток giprint.ru,центральная типография,65,63,AVERAGE,BRANDED
изготовление визиток в москве digital-printing.ru,диджитал принтинг,75,63,HIGH,BRANDED
дизайнерские визитки,дизайнерская визитка,71,63,AVERAGE,PRINT
визитки массажиста,визитка массажиста,74,63,HIGH,PRINT
электронная визитка с qr кодом создать,электронная визитка,68,62,AVERAGE,NONTARGET
визитки с двух сторон,двусторонние визитки,65,62,HIGH,PRINT
заказать сайт визитку в москве goldenstudio.ru,голден студио москва,64,62,HIGH,NONTARGET
визитка рекламного агентства,визитка рекламного агентства,68,62,AVERAGE,PRINT
флешка визитка с логотипом цена,флешка визитка с логотипом,113,62,AVERAGE,PRINT
визитки недорого в москве printkov,печать прозрачных наклеек printkov,77,62,HIGH,BRANDED
заказать визитки москва printkov,печать прозрачных наклеек printkov,76,62,HIGH,BRANDED
где делают визитки,визитки на заказ,71,62,HIGH,PRINT
сколько стоит сделать сайт визитку goldenstudio.ru,голден студио москва,64,62,AVERAGE,NONTARGET
сайт визитка на битрикс,сайт визитка на битрикс,60,62,HIGH,NONTARGET
визитки в москве недорого printkov,печать прозрачных наклеек printkov,76,62,HIGH,BRANDED
заказать визитки в москве printkov,печать прозрачных наклеек printkov,78,62,HIGH,BRANDED
изготовление визиток printkov,печать прозрачных наклеек printkov,76,61,HIGH,BRANDED
визитки калькулятор,визитки калькулятор,11,61,AVERAGE,PRINT
визитки в москве недорого digital-printing.ru,диджитал принтинг,78,61,HIGH,BRANDED
дизайн визиток онлайн,создать визитку,80,61,HIGH,NONTARGET
разработка сайта визитки под ключ москва pictus,заказать сайт визитку в москве,66,61,LOW,NONTARGET
сайт визитка бесплатно,создать сайт визитку,120,61,HIGH,NONTARGET
визитки недорого на цопы ру,изготовление визиток,68,61,AVERAGE,PRINT
заказ визиток digital-printing.ru,диджитал принтинг,74,61,HIGH,BRANDED
напечатать визитки printkov,печать прозрачных наклеек printkov,76,61,HIGH,BRANDED
как печатать двухсторонние визитки,как напечатать визитку с двух сторон,104,61,LOW,PRINT
заказать визитки рядом со мной,изготовление визиток,70,61,HIGH,PRINT
заказать сайт визитку с продвижением,сайт визитка цена,77,61,HIGH,NONTARGET
дизайн визиток онлайн конструктор бесплатно,создать визитку,79,61,AVERAGE,NONTARGET
сделать визитки москва digital-printing.ru,диджитал принтинг,75,61,HIGH,BRANDED
заказать визитку printkov,печать прозрачных наклеек printkov,77,61,HIGH,BRANDED
визитки москва printkov,печать прозрачных наклеек printkov,74,61,HIGH,BRANDED
печать на фольгированной бумаге,печать фольгой,29,61,AVERAGE,PRINT
визитки изготовить,изготовление визиток,64,60,AVERAGE,PRINT
заказать печать визитки,изготовление визиток,66,60,AVERAGE,PRINT
шаблоны визиток,шаблон визитки,68,60,HIGH,INFO
приложения для создания визиток на телефоне,как сделать визитку на телефоне,22,60,HIGH,PRINT
визитки круглосуточно,визитки круглосуточно,11,60,HIGH,PRINT
визитка двухсторонняя,двусторонние визитки,63,60,HIGH,PRINT
сайт визитка цена под ключ москва,заказать сайт визитку,84,60,HIGH,NONTARGET
распечатать визитки printkov,печать прозрачных наклеек printkov,78,60,HIGH,BRANDED
печать визиток в москве printkov,печать прозрачных наклеек printkov,76,60,HIGH,BRANDED
изготовление визиток в москве цена digital-printing.ru,изготовление визиток цена digital-printing.ru,72,60,HIGH,BRANDED
визитки недорого в москве digital-printing.ru,диджитал принтинг,75,60,AVERAGE,BRANDED
визитки напечатать printkov,печать прозрачных наклеек printkov,80,60,HIGH,BRANDED
заказать визитки недорого с доставкой printhit,визитки цена,60,60,AVERAGE,BRANDED
визитки евро размер,стандартный размер визитки в см,57,60,AVERAGE,PRINT
карточка игра в кальмара,карточка из игры в кальмара,59,60,HIGH,PRINT
визитка косметолога,визитка косметолога,72,59,HIGH,PRINT
типография визитки printkov,печать прозрачных наклеек printkov,71,59,AVERAGE,BRANDED
заказать визитки онлайн printkov,печать прозрачных наклеек printkov,75,59,HIGH,NONTARGET
сервис электронных визиток,электронная визитка,34,59,AVERAGE,NONTARGET
корпоративная визитка,корпоративная визитка,68,59,AVERAGE,PRINT
мокап визиток,мокап визитки,48,59,AVERAGE,NONTARGET
визитки заказать в москве printkov,печать прозрачных наклеек printkov,74,59,HIGH,BRANDED
копирка визитки,копирка цены,80,59,HIGH,PRINT
визитка дизайнерская бумага,визитки на дизайнерской бумаге,73,59,AVERAGE,PRINT
мегафон визитка,мегафон визитка,62,59,HIGH,PRINT
шаблон визитки бесплатно,шаблон визитки,62,59,AVERAGE,NONTARGET
изготовление визиток в москве printkov,печать прозрачных наклеек printkov,75,59,HIGH,BRANDED
печать визиток цены digital-printing.ru,печать визиток дешево digital-printing.ru,67,58,HIGH,BRANDED
заказ визиток москва digital-printing.ru,диджитал принтинг,72,58,HIGH,BRANDED
визитки недорого printkov,визитки заказать,70,58,HIGH,BRANDED
печать визиток недорого в москве,печать визиток,66,58,AVERAGE,PRINT
типография печать визиток printkov,печать прозрачных наклеек printkov,71,58,HIGH,BRANDED
визитки на заказ цена,печать визиток в москве,84,58,AVERAGE,PRINT
визитка игра в кальмара,визитка игра в кальмара,94,58,HIGH,PRINT
визитки на заказ москва недорого printkov,печать прозрачных наклеек printkov,73,58,HIGH,BRANDED
печать визиток с доставкой,печать визиток,167,58,AVERAGE,PRINT
генератор визиток,дизайн визиток,76,58,HIGH,NONTARGET
изготовление визиток цена digital-printing.ru,печать визиток дешево digital-printing.ru,72,58,HIGH,BRANDED
визитки симферополь,визитки симферополь,34,58,HIGH,PRINT
заказать сайт визитку on-target,заказать сайт визитку под ключ,60,58,AVERAGE,NONTARGET
как распечатать двухстороннюю визитку,как напечатать визитку с двух сторон,60,57,AVERAGE,PRINT
заказать визитки в москве дешево,печать визиток,79,57,HIGH,PRINT
изготовление визиток москва цена,изготовление визиток,87,57,AVERAGE,PRINT
визитки с фольгированием,визитки с фольгированием,67,57,AVERAGE,PRINT
визитка психолога,визитка психолога,76,57,AVERAGE,PRINT
распечатать визитки digital-printing.ru,диджитал принтинг,71,57,HIGH,BRANDED
визитка с nfc меткой,nfc визитка,23,57,HIGH,PRINT
визитки с nfc чипом,nfc визитка,23,57,HIGH,PRINT
сео оптимизация сайта сколько стоит,продвижение сайта цена,59,57,AVERAGE,NONTARGET
заказать сайт визитку под ключ москва pictus,заказать сайт визитку,61,56,LOW,NONTARGET
печать визиток фролово,печать визиток фролово,44,56,HIGH,PRINT
визитка для ремонт одежды,визитка для ремонт одежды,63,56,HIGH,PRINT
визитки заказать онлайн printkov,печать прозрачных наклеек printkov,72,56,HIGH,NONTARGET
визитки круглосуточно москва,визитки круглосуточно москва,66,56,HIGH,PRINT
вертикальные визитки,вертикальные визитки,65,56,AVERAGE,PRINT
визитки и листовки,реклама визитки буклеты,63,56,HIGH,PRINT
стоимость изготовления визиток,печать визиток цена,96,56,AVERAGE,PRINT
купить визитки из металла,металлическая визитка,68,56,HIGH,PRINT
печать визиток printkov,печать прозрачных наклеек printkov,72,56,HIGH,BRANDED
визитки одежда,визитки одежда,68,56,AVERAGE,PRINT
металлические визитки заказать,металлическая визитка,68,56,AVERAGE,PRINT
визитка это реклама,визитка реклама,58,56,LOW,PRINT
сайт визитка продвижение,продвижение сайта визитки цена,63,56,AVERAGE,NONTARGET
изготовить визитки в москве недорого printkov,печать прозрачных наклеек printkov,67,56,HIGH,BRANDED
визитка типографии,типография визитки,59,55,AVERAGE,PRINT
визитка с ламинацией и без,ламинированные визитки,63,55,HIGH,PRINT
визитки рекламные,визитки реклама,56,55,HIGH,PRINT
визитки напечатать digital-printing.ru,типография рядом digital-printing.ru,68,55,HIGH,BRANDED
заказ визиток printkov,печать прозрачных наклеек printkov,68,55,HIGH,BRANDED
изготовление визиток стоимость,изготовление визиток,68,55,HIGH,PRINT
визитки дешево printkov,печать прозрачных наклеек printkov,65,55,AVERAGE,BRANDED
визитки 100 штук цена,визитки недорого,96,55,HIGH,PRINT
как распечатать двухсторонние визитки на а4 на принтере,как распечатать визитки на а4 на принтере,104,55,AVERAGE,PRINT
заказ визиток гарант,типография гарант,53,55,AVERAGE,PRINT
листовки визитки,печать визиток и листовок,68,55,HIGH,PRINT
печать визиток стоимость,изготовление визиток,67,55,AVERAGE,PRINT
типография сделать визитки,изготовление визиток,54,54,AVERAGE,PRINT
визитки печать гарант,типография гарант,53,54,HIGH,PRINT
раскидать визитки при выводе,раскидать визитки при выводе,85,54,HIGH,PRINT
нфс визитка купить,nfc визитка,22,54,HIGH,PRINT
сколько стоит создать сайт визитку,заказать сайт визитку,78,54,HIGH,NONTARGET
разработка сайта визитки москва pictus,создание сайта каталога pictus media,58,54,LOW,NONTARGET
визитка реклама,визитки реклама,56,54,HIGH,PRINT
реклама визитки буклеты kotprint,напечатать каталоги недорого kotprint,91,54,AVERAGE,BRANDED
изготовить визитки printkov,печать прозрачных наклеек printkov,66,54,HIGH,BRANDED
заказать визитки онлайн с доставкой,заказ визиток,85,54,HIGH,NONTARGET
как сделать электронную визитку,электронная визитка,74,54,AVERAGE,NONTARGET
визитки дешево izoproekt,визитка заказать izoproekt,55,54,AVERAGE,BRANDED
плагин для адоб ридер печать визиток,плагин для адоб ридер печать визиток,44,54,AVERAGE,PRINT
создание сайта визитки недорого москва pictus,заказать сайт визитку в москве,58,54,LOW,NONTARGET
как напечатать визитку с двух сторон,как напечатать визитку с двух сторон,106,54,AVERAGE,PRINT
американский психопат визитки,американский психопат визитки,97,54,HIGH,PRINT
сделать визитки в москве недорого digital-printing.ru,типография рядом digital-printing.ru,71,54,AVERAGE,BRANDED
визитка из игры в кальмара,визитка игра в кальмара,58,54,HIGH,PRINT
визитки ремонт бытовой техники,визитки ремонт бытовой техники,56,53,AVERAGE,PRINT
заказать визитки москва недорого,заказать визитки недорого,62,53,AVERAGE,PRINT
изготовление визиток на заказ digital-printing.ru,диджитал принтинг,62,53,HIGH,BRANDED
визитки 1000 шт izoproekt,визитки заказать недорого izoproekt,53,53,AVERAGE,BRANDED
визитки на заказ москва printkov,печать прозрачных наклеек printkov,66,53,HIGH,BRANDED
визитка печать цена,печать визиток,71,53,AVERAGE,PRINT
визитки истра izoproekt,визитки истра izoproekt,54,53,AVERAGE,BRANDED
визитка яроша,визитка яроша что это,54,53,AVERAGE,PRINT
печать визиток в москве недорого printkov,печать прозрачных наклеек printkov,69,53,HIGH,BRANDED
разработка сайта визитки цена ленинская слобода 26,разработка сайта визитки цена ленинская слобода 26,68,53,AVERAGE,NONTARGET
где можно распечатать визитки,визитки заказать москва недорого,69,53,HIGH,PRINT
купить сайт визитку недорого,заказать сайт визитку,63,53,HIGH,NONTARGET
типография визитка,заказ визиток в москве,58,53,AVERAGE,PRINT
создание сайта визитки под ключ москва pictus,заказать сайт визитку москва pictus,58,53,LOW,NONTARGET
печать визиток золотом,тиснение визитки,67,52,HIGH,PRINT
qr визитка онлайн,qr визитка,42,52,AVERAGE,NONTARGET
визитка копицентр izoproekt,визитка копицентр izoproekt,53,52,AVERAGE,BRANDED
онлайн конструктор визиток,создать визитку,47,52,AVERAGE,NONTARGET
визитка бухгалтера,визитка бухгалтера,55,52,AVERAGE,PRINT
визитка цена izoproekt,заказать визитки с доставкой,52,52,AVERAGE,BRANDED
напечатать визитки в москве printkov,печать прозрачных наклеек printkov,63,52,HIGH,BRANDED
заказать визитки дешево printkov,печать прозрачных наклеек printkov,63,52,HIGH,BRANDED
qr код для визитки,qr визитка,57,52,AVERAGE,NONTARGET
сделать визитки в москве недорого printkov,печать прозрачных наклеек printkov,63,52,HIGH,BRANDED
флешки визитки с логотипом,флешка визитка с логотипом,65,52,AVERAGE,PRINT
ego визитки,ego визитки,20,52,HIGH,BRANDED
эксклюзивные визитки,элитные визитки,61,52,AVERAGE,PRINT
иркутск визитки izoproekt,иркутск визитки izoproekt,53,52,AVERAGE,BRANDED
оригинальная визитка на конкурс мистер,оригинальная визитка на конкурс мистер,14,52,AVERAGE,PRINT
визитки заказать москва printkov,печать прозрачных наклеек printkov,68,52,HIGH,BRANDED
создать визитку онлайн бесплатно и сохранить ее,создать визитку,61,51,AVERAGE,NONTARGET
изготовление визиток цифровая печать,изготовление визиток,76,51,AVERAGE,PRINT
дизайн визитки цена izoproekt,дизайн визитки цена izoproekt,52,51,AVERAGE,BRANDED
визитка рекламное агентство,визитка рекламного агентства,55,51,AVERAGE,PRINT
визитки спецтехника izoproekt,визитки спецтехника izoproekt,52,51,AVERAGE,BRANDED
визитки с доставкой москва,печать визиток,168,51,HIGH,PRINT
печать визиток wtprint.ru,wtprint,53,51,AVERAGE,BRANDED
размер евро визитки,размер визитки в пикселях,49,51,AVERAGE,PRINT
визитки двусторонние,двусторонние визитки,58,51,HIGH,PRINT
круглые визитки заказать izoproekt,визитки заказать недорого izoproekt,51,50,AVERAGE,BRANDED
визитка стоимость,визитки на заказ,67,50,HIGH,PRINT
визитка шаблон,шаблон визитки,97,50,HIGH,INFO
стоимость создания сайта визитки москва pictus,заказать сайт визитку в москве,53,50,LOW,NONTARGET
раскладка визиток в иллюстраторе,раскладка визиток в иллюстраторе,47,50,AVERAGE,PRINT
визитки шелкография,визитки шелкография,100,50,HIGH,PRINT
дизайн визитки заказать izoproekt,дизайн визитки цена izoproekt,51,50,AVERAGE,BRANDED
сайт визитка цена bmmedia,заказать сайт визитку,47,50,AVERAGE,NONTARGET
недорого сайт визитка москва,заказать сайт визитку,63,50,HIGH,NONTARGET
напечатать визитку digital-printing.ru,диджитал принтинг,64,50,HIGH,BRANDED
визитки на заказ москва pmg,типография pmg,53,50,HIGH,BRANDED
визитки заказать онлайн с доставкой izoproekt,визитки заказать недорого izoproekt,51,50,AVERAGE,NONTARGET
визитки быстро москва,срочная печать визиток,48,50,AVERAGE,PRINT
nfc визитка купить,nfc визитка,29,50,HIGH,PRINT
на какой счет отнести визитки в бухгалтерском учете,на какой счет отнести визитки в бухгалтерском учете,40,50,AVERAGE,PRINT
пластик для визиток,пластик для визиток,84,50,HIGH,PRINT
распечатать визитки printhit,распечатать плакат москва printhit,50,50,HIGH,BRANDED
печать визиток недорого москва printkov,печать прозрачных наклеек printkov,61,49,HIGH,BRANDED
визитки дешево в москве заказать,печать визиток,69,49,HIGH,PRINT
большие визитки с местом для номера телефона,визитки цена,53,49,AVERAGE,PRINT
визитки цена на цопы ру,печать визиток в москве,56,49,HIGH,PRINT
разработка сайта визитки цена goldenstudio.ru,голден студио москва,49,49,HIGH,NONTARGET
сайт визитка макет figma,figma сайты для компании,14,49,AVERAGE,NONTARGET
визитки расчет,,8,49,AVERAGE,PRINT
дешево визитки digital-printing.ru,заказать визитки в москве недорого digital-printing.ru,59,49,AVERAGE,BRANDED
календарь визитка izoproekt,календарь визитка izoproekt,50,49,AVERAGE,BRANDED
визитка для рекламного агентства,визитка рекламного агентства,54,49,AVERAGE,PRINT
дизайн визиток цена izoproekt,дизайн визитки цена izoproekt,51,49,AVERAGE,BRANDED
визитки дешево москва printkov,печать прозрачных наклеек printkov,57,49,HIGH,BRANDED
печать визиток москва недорого printkov,сделать визитки printkov,61,49,HIGH,BRANDED
быстрая печать визиток,срочная печать визиток,71,49,HIGH,PRINT
заказать визитку дизайн izoproekt,заказать визитку дизайн izoproekt,50,49,AVERAGE,BRANDED
vip визитки,элитные визитки,58,49,AVERAGE,PRINT
электронная визитка купить,nfc визитки,18,49,HIGH,NONTARGET
металлические визитки с гравировкой,металлическая визитка,63,49,HIGH,PRINT
печать визиток на заказ,печать визиток,75,49,AVERAGE,PRINT
распечатать визитки москва printkov,печать прозрачных наклеек printkov,61,49,HIGH,BRANDED
как разместить визитки для печати на а4,раскладка визиток на а4,42,49,HIGH,PRINT
битрикс сайт создание,сделать сайт на битрикс,35,49,HIGH,NONTARGET
печать визиток на дизайнерской бумаге,дизайнерская визитка,62,48,AVERAGE,PRINT
типография визитки niceprint,полиграфия москва niceprint,51,48,HIGH,BRANDED
визитки типография niceprint,полиграфия москва niceprint,50,48,HIGH,BRANDED
визитки клининговой компании,визитки клининговой компании,50,48,AVERAGE,PRINT
заказать визитку digital-printing.ru,визитки купить,60,48,HIGH,BRANDED
создание визиток,создать визитку,80,48,HIGH,PRINT
сайт визитка цена мастер,заказать сайт визитку под ключ,51,48,HIGH,NONTARGET
где сделать визитку izoproekt,где сделать визитку izoproekt,49,48,AVERAGE,BRANDED
визитка напечатать,визитки на заказ,49,48,AVERAGE,PRINT
карандаш визитки izoproekt,где сделать визитку izoproekt,49,48,AVERAGE,BRANDED
визитки дешево москва izoproekt,визитки заказать недорого izoproekt,49,48,AVERAGE,BRANDED
визитка с фольгой,визитки с фольгированием,66,48,AVERAGE,PRINT
изготовление интернет магазинов,заказать интернет магазин,41,48,AVERAGE,PRINT
видеовизитка что говорить,видеовизитка,55,48,AVERAGE,PRINT
как создать визитку,как сделать визитку,48,47,HIGH,INFO
изготовление визиток москва дешево printkov,печать прозрачных наклеек printkov,58,47,HIGH,BRANDED
заказать печать визиток printkov,печать прозрачных наклеек printkov,59,47,HIGH,BRANDED
электронная визитка qr код,электронная визитка,73,47,AVERAGE,NONTARGET
напечатать визитки дешево printkov,печать прозрачных наклеек printkov,57,47,HIGH,BRANDED
разработка визиток,дизайн визиток,60,47,HIGH,PRINT
изготовление визиток tipografia-gorod,печать визиток tipografia-gorod,49,47,HIGH,BRANDED
программа для создания визиток,создать визитку,60,47,HIGH,PRINT
визитки недорого izoproekt,визитки заказать недорого izoproekt,48,47,AVERAGE,BRANDED
самые дешевые визитки printkov,цена визитки printkov,57,47,AVERAGE,BRANDED
сайт визитка под ключ цена bmmedia,заказать сайт визитку,45,46,AVERAGE,NONTARGET
изготовить визитки digital-printing.ru,типография рядом digital-printing.ru,57,46,HIGH,BRANDED
печать визиток шелкография,визитки шелкография,58,46,HIGH,PRINT
грузоперевозки визитка,визитки грузоперевозки,36,46,AVERAGE,PRINT
визитка с nfc,nfc визитка,21,46,HIGH,PRINT
создание визитки онлайн конструктор бесплатно,создать визитку,65,46,AVERAGE,NONTARGET
визитки автосервис,визитка автосервиса,55,46,AVERAGE,PRINT
визитки термоподъем,визитки термоподъем,50,46,AVERAGE,PRINT
онлайн конструктор визиток бесплатно,создать визитку,55,46,AVERAGE,NONTARGET
разработка сайта визитки bmmedia,создание интернет магазина bmmedia,37,46,HIGH,NONTARGET
подготовка визитки к печати,подготовка визитки к печати,43,46,AVERAGE,PRINT
заказать визитки в москве недорого с доставкой printkov,печать прозрачных наклеек printkov,57,46,HIGH,BRANDED
разработка сайта визитки цена avigroup,разработка сайта визитки цена,65,46,HIGH,NONTARGET
нестандартные визитки,необычные визитки,52,46,HIGH,PRINT
напечатать визитки дешево digital-printing.ru,типография рядом digital-printing.ru,58,45,HIGH,BRANDED
напечатать визитки digital-printing.ru,типография рядом digital-printing.ru,57,45,HIGH,BRANDED
изготовление визиток в москве цена printkov,печать прозрачных наклеек printkov,54,45,AVERAGE,BRANDED
визитки за час москва а цифра,визитки за час москва а цифра,49,45,HIGH,PRINT
визитки с конгревом,визитки с конгревом,48,45,AVERAGE,PRINT
цена визитки printkov,сделать визитки printkov,55,45,AVERAGE,BRANDED
сделать визитки в москве недорого цены printkov,печать прозрачных наклеек printkov,58,45,HIGH,BRANDED
сделать визитки в москве недорого цены digital-printing.ru,визитки недорого,57,45,AVERAGE,BRANDED
срочная печать визиток а цифра,срочная печать визиток,49,45,HIGH,PRINT
визитка печать гарант,типография гарант,43,45,HIGH,PRINT
печать визиток цена digital-printing.ru,заказать визитки онлайн,54,45,HIGH,BRANDED
визитки психолог,визитка психолога,47,45,HIGH,PRINT
визитки дизайн,дизайн визиток,96,45,HIGH,PRINT
нужен сайт визитка,сайт визитка,61,45,AVERAGE,NONTARGET
продвижение сайтов сео цена,продвижение сайта цена,107,45,HIGH,NONTARGET
yii сайт визитка,заказать сайт на фреймворк yii,24,44,AVERAGE,NONTARGET
раскрутка сайта визитки,продвижение сайта визитки цена,46,44,AVERAGE,NONTARGET
визитка icolorit,печать визиток icolorit,47,44,AVERAGE,BRANDED
изготовление визиток цена printkov,печать прозрачных наклеек printkov,56,44,HIGH,BRANDED
разработка фирменного стиля логотипа и визитки,разработка фирменного стиля стоимость,92,44,HIGH,PRINT
умная электронная визитка на с бесплатной виртуальной картой,электронная визитка,30,44,HIGH,NONTARGET
заказать дизайн визиток,дизайн визитки цена,100,44,HIGH,PRINT
печать визиток стоимость за 100 штук,печать визиток быстро,58,44,AVERAGE,PRINT
визитки заказать digital-printing.ru,визитки заказать,56,44,AVERAGE,BRANDED
где сделать визитки printkov,печать прозрачных наклеек printkov,56,44,AVERAGE,BRANDED
визитка des print,визитка des print,68,44,AVERAGE,BRANDED
заказ визиток в москве недорого с доставкой digital-printing.ru,заказать визитки в москве недорого digital-printing.ru,58,44,AVERAGE,BRANDED
срочная печать визиток москва а цифра,срочная печать визиток,51,44,HIGH,PRINT
визитка нфс,nfc визитка,22,44,HIGH,PRINT
стоимость сайта визитки под ключ,заказать сайт визитку,62,44,HIGH,NONTARGET
напечатать визитки в москве недорого printkov,печать прозрачных наклеек printkov,57,44,HIGH,BRANDED
визитки цена izoproekt,заказать визитки с доставкой,45,44,AVERAGE,BRANDED
визитка в матрице судьбы,визитка в матрице судьбы,79,44,AVERAGE,PRINT
печать визиток цены printkov,печать визиток цены printkov,54,44,HIGH,BRANDED
nfc визитки заказать,nfc визитка,22,44,HIGH,PRINT
видеовизитка как пишется,видео визитка,82,44,AVERAGE,PRINT
визитки сделать,создать визитку,70,43,HIGH,PRINT
визитки недорого digital-printing.ru,заказать визитки,56,43,HIGH,BRANDED
услуги эвакуатора визитка сайт,визитки эвакуатор,11,43,AVERAGE,NONTARGET
визитки недорого а цифра,визитки недорого а цифра,48,43,HIGH,PRINT
типография печать визиток москва,печать визиток в москве,44,43,AVERAGE,PRINT
визитка заказать москва на цопы ру,изготовление визиток,47,43,AVERAGE,PRINT
заказ визиток в москве недорого с доставкой printkov,печать прозрачных наклеек printkov,53,43,HIGH,BRANDED
визитки срочно москва а цифра,визитки срочно москва а цифра,47,43,HIGH,PRINT
шаблоны визиток psd скачать бесплатно,визитки psd,16,43,AVERAGE,NONTARGET
психолог онлайн визитка helpmi.ru,психолог онлайн цена,44,43,AVERAGE,NONTARGET
заказ визиток в москве недорого printkov,печать прозрачных наклеек printkov,55,43,HIGH,BRANDED
изготовление визиток москва гарант,типография гарант,41,43,AVERAGE,PRINT
печать визиток дешево printkov,печать прозрачных наклеек printkov,54,43,HIGH,BRANDED
сайты визитки на заказ,заказать сайт визитку,98,43,AVERAGE,NONTARGET
типография визитки а цифра,а цифра,47,43,HIGH,PRINT
нарезчик визиток,нарезчик визиток,59,43,HIGH,PRINT
визитки цена printkov,визитки печать,54,43,AVERAGE,BRANDED
печать визиток в москве tipografia-gorod,визитки москва tipografia-gorod,44,43,HIGH,BRANDED
дизайн и печать визиток printkov,печать прозрачных наклеек printkov,51,43,HIGH,BRANDED
визитки недорого москва printkov,печать прозрачных наклеек printkov,51,43,HIGH,BRANDED
флешка карта с логотипом,флешка визитка с логотипом,80,43,AVERAGE,PRINT
визитка заказать на цопы ру,печать визиток,47,42,AVERAGE,PRINT
кашированные визитки,кашированные визитки,46,42,AVERAGE,PRINT
создание сайта визитки цена goldenstudio.ru,голден студио москва,43,42,HIGH,NONTARGET
как сделать электронную визитку с qr кодом,электронная визитка,38,42,AVERAGE,NONTARGET
шаблон сайта визитки,шаблон сайта визитки,47,42,AVERAGE,NONTARGET
распознавание визиток,распознавание визиток,12,42,AVERAGE,PRINT
изготовление визиток москва tipografia-gorod,визитки москва tipografia-gorod,39,42,HIGH,BRANDED
визитки быстро а цифра,а цифра,49,42,HIGH,PRINT
визитки недорого москва digital-printing.ru,москва типография digital-printing.ru,53,42,HIGH,BRANDED
визитка наклейка,визитки наклейки заказать,18,42,HIGH,PRINT
визитки в китае,визитки в китае,45,42,HIGH,PRINT
изготовление визиток на заказ printkov,печать прозрачных наклеек printkov,56,42,HIGH,BRANDED
качественные визитки,заказ визиток,72,42,AVERAGE,PRINT
визитки дешево digital-printing.ru,заказать визитки в москве недорого digital-printing.ru,53,42,HIGH,BRANDED
видео визитка на конкурс мини мисс,видео визитка на конкурс мини мисс,29,42,HIGH,PRINT
видео визитка,видеовизитка,122,42,HIGH,PRINT
визитки купить izoproekt,визитки заказать недорого izoproekt,43,42,AVERAGE,BRANDED
отрывные визитки,отрывные визитки,44,41,AVERAGE,PRINT
"заказать полиграфическую продукцию (визитки, буклеты)","заказать полиграфическую продукцию (визитки, буклеты)",15,41,HIGH,PRINT
печать визиток цена printkov,дешево визитки printkov,51,41,HIGH,BRANDED
визитки с тиснением pmg,визитки с тиснением pmg,45,41,HIGH,BRANDED
печать визиток зеленоград,печать визиток зеленоград,90,41,HIGH,PRINT
как распечатать визитки на а4 на принтере,как распечатать визитки на а4 на принтере,35,41,HIGH,PRINT
премиум визитки,элитные визитки,54,41,AVERAGE,PRINT
разработка сайта визитки цена 8 800 600-27-44,разработка сайта визитки цена 8 800 600-27-44,44,41,AVERAGE,NONTARGET
nfc визитки купить,nfc визитка,19,41,HIGH,PRINT
рекламная визитка,визитки реклама,47,41,AVERAGE,PRINT
визитки заказать москва недорого а цифра,визитки заказать недорого,46,41,HIGH,PRINT
визитки флаеры,типография москва недорого,66,41,HIGH,PRINT
пластиковые визитки заказать москва,пластиковые визитки,55,41,HIGH,PRINT
визитки купить printkov,визитки заказать,52,41,HIGH,BRANDED
визитки заказать в москве недорого а цифра,визитки заказать недорого,48,41,HIGH,PRINT
мастер визиток,мастер визиток,60,40,AVERAGE,PRINT
печать визиток онлайн,дизайн визиток,55,40,AVERAGE,NONTARGET
распечатать визитки pmg,распечатать визитки pmg,43,40,AVERAGE,BRANDED
разработка сайта визитки цена 7(964) 773-61-44,создание сайтов 7(964) 773-61-44,43,40,AVERAGE,NONTARGET
визитки с тиснением золотом,визитки с тиснением,56,40,HIGH,PRINT
визитки мокап,мокап визитки,42,40,AVERAGE,NONTARGET
формат визитки для печати,размер визитки,49,40,AVERAGE,PRINT
печать визиток москва дешево а цифра,визитки срочно москва а цифра,45,40,HIGH,PRINT
сделать макет визитки онлайн самому бесплатно и сохранить ее,создать визитку,31,40,AVERAGE,NONTARGET
сделать визитки в москве корал принт,печать на холсте москва корал принт,43,40,HIGH,PRINT
срочное изготовление визиток а цифра,визитки срочно москва а цифра,46,40,HIGH,PRINT
разработка дизайна визитки,дизайн визитки цена,50,40,HIGH,PRINT
видео визитка как сделать,видеовизитка,47,40,AVERAGE,INFO
сайт визитка бесплатно конструктор,создать сайт визитку,98,40,HIGH,NONTARGET
визитки эвакуатор,визитки эвакуатор,44,40,AVERAGE,PRINT
создать электронную визитку,электронная визитка,86,40,AVERAGE,NONTARGET
заказать визитку цены niceprint,заказать визитку цены niceprint,41,40,AVERAGE,BRANDED
сайт визитка цена под ключ goldenstudio.ru,сайт визитка цена,41,40,HIGH,NONTARGET
изготовление визиток москва дешево digital-printing.ru,типография рядом digital-printing.ru,53,40,AVERAGE,BRANDED
флешки визитки,флешка визитка с логотипом,50,40,HIGH,PRINT
сайт визитка на wordpress,сайт визитка на wordpress,40,40,AVERAGE,NONTARGET
серебрение обрезов ежедневников книг визиток приглашений,серебрение обрезов ежедневников книг визиток приглашений,42,39,LOW,PRINT
визитки лен,визитки лен,59,39,AVERAGE,PRINT
сколько стоит дизайн визитки,дизайн визитки цена,62,39,HIGH,PRINT
заказать сайт визитку on target,заказать сайт визитку под ключ,39,39,AVERAGE,NONTARGET
сайт визитка купить мастер,сколько стоит сделать сайт визитку,42,39,HIGH,NONTARGET
ego cards электронные визитки,ego визитки,11,39,HIGH,NONTARGET
печать визиток цена москва,изготовление визиток,48,39,HIGH,PRINT
визитки москва дешево printkov,печать прозрачных наклеек printkov,47,39,HIGH,BRANDED
сайт визитка это что,сайт визитка,38,39,HIGH,NONTARGET
срочная печать визиток за час,визитки за час,33,39,AVERAGE,PRINT
визитки купить digital-printing.ru,визитки недорого,49,39,HIGH,BRANDED
визитка qr,qr визитка,42,39,AVERAGE,NONTARGET
печать визиток des print,заказ визиток в москве,50,39,AVERAGE,BRANDED
создание сайта визитки с нуля,сайт визитка,179,39,HIGH,NONTARGET
создание визиток онлайн,создать визитку,43,39,AVERAGE,NONTARGET
программа для создания визиток на андроид,создать визитку на андроид,13,39,AVERAGE,PRINT
распечатка визиток printkov,печать прозрачных наклеек printkov,50,39,AVERAGE,BRANDED
сайт страница визитка,сайт визитка,90,39,HIGH,NONTARGET
распечатать визитки гарант,типография гарант,38,39,HIGH,PRINT
сайты визитки на заказ goldenstudio.ru,голден студио москва,40,39,HIGH,NONTARGET
создание сайта визитки в москве goldenstudio.ru,голден студио москва,41,39,HIGH,NONTARGET
сайт визитка под ключ москва goldenstudio.ru,голден студио москва,39,38,AVERAGE,NONTARGET
золочение обрезов ежедневников книг визиток приглашений,серебрение обрезов ежедневников книг визиток приглашений,39,38,AVERAGE,PRINT
сделать визитки в москве а цифра,визитки срочно москва а цифра,43,38,HIGH,PRINT
разработка и печать визиток,дизайн и печать визиток,38,38,AVERAGE,PRINT
создать визитку онлайн бесплатно и сохранить ее на компьютер,создать визитку,32,38,AVERAGE,NONTARGET
как сделать видео визитку,видеовизитка,36,38,AVERAGE,INFO
создание визиток онлайн бесплатно с сохранением,создать визитку,49,38,AVERAGE,NONTARGET
визитки яроша,визитка яроша что это,37,38,AVERAGE,PRINT
печать визиток мск,заказать визитки,36,38,HIGH,PRINT
визитки дешево в москве printkov,печать прозрачных наклеек printkov,47,38,HIGH,BRANDED
сайт визитка под ключ цена goldenstudio.ru,голден студио москва,38,38,HIGH,NONTARGET
печать визиток рядом,печать визиток в москве,38,38,HIGH,PRINT
сколько стоит сделать визитки,сколько стоит сделать визитку,57,38,AVERAGE,PRINT
типография изготовление визиток printkov,печать прозрачных наклеек printkov,46,38,AVERAGE,BRANDED
сколько стоит сайт визитка goldenstudio.ru,голден студио москва,39,38,AVERAGE,NONTARGET
сделать визитки в москве digital-printing.ru,типография рядом digital-printing.ru,47,38,HIGH,BRANDED
программа для создания визиток бесплатно,программа для создания визиток,58,38,HIGH,NONTARGET
визитки дешево в москве а цифра,визитки срочно москва а цифра,46,38,AVERAGE,PRINT
электронная визитка создать самому бесплатно,электронная визитка создать,89,38,AVERAGE,NONTARGET
визитки на печать,печать визиток,42,38,AVERAGE,PRINT
эго визитка,ego визитки,9,37,HIGH,PRINT
сайт визитка цена goldenstudio.ru,голден студио москва,37,37,HIGH,NONTARGET
печать визиток наклеек sdmedia24 ru,печать визиток наклеек sdmedia24 ru,38,37,AVERAGE,BRANDED
визитки грузоперевозки,визитки грузоперевозки,41,37,HIGH,PRINT
заказ визиток с доставкой москва,визитки на заказ,80,37,AVERAGE,PRINT
визитки на бумаге touche cover,визитки тач кавер,39,37,AVERAGE,PRINT
печатать визитки printkov,печать наклеек а4 printkov,46,37,HIGH,BRANDED
как снять видео визитку о себе,видеовизитка,46,37,AVERAGE,PRINT
как снять видео визитку,видеовизитка,49,37,HIGH,PRINT
сайт визитка строительной компании,сайт визитка строительной компании,63,37,HIGH,NONTARGET
визитка купить izoproekt,заказать визитки с доставкой,38,37,AVERAGE,BRANDED
визитка руководителя,визитка директора,9,37,AVERAGE,PRINT
визитка натяжные потолки,визитка натяжные потолки,41,37,AVERAGE,PRINT
визитка орифлейм шаблон,визитка орифлейм шаблон,20,37,LOW,INFO
визитка салона красоты,визитка салона красоты,46,37,AVERAGE,PRINT
визитки цена а цифра,визитки цена а цифра,42,37,HIGH,PRINT
заказ визиток в москве printkov,печать прозрачных наклеек printkov,47,37,AVERAGE,BRANDED
типография печать визиток срочно,срочная печать визиток,31,37,AVERAGE,PRINT
закрас обрезов ежедневников книг визиток приглашений в любой цвет,закрас обрезов ежедневников книг визиток приглашений в любой цвет,38,37,AVERAGE,PRINT
печать наклейка,наклейки на заказ,81,37,AVERAGE,PRINT
дизайн визитных карточек,дизайн визиток,27,37,HIGH,PRINT
золочение обреза книг,золочение обреза книг,40,37,AVERAGE,PRINT
ego электронная визитка,ego визитки,9,36,HIGH,NONTARGET
заказать визитки в москве с доставкой digital-printing.ru,москва типография digital-printing.ru,47,36,AVERAGE,BRANDED
типография визитки москва niceprint,полиграфия москва niceprint,39,36,HIGH,BRANDED
чехол для визиток,чехол для визиток,58,36,HIGH,PRINT
заказать дизайн визитки,дизайн визитки цена,42,36,HIGH,PRINT
что такое сайт визитка и для чего он нужен,сайт визитка,37,36,HIGH,NONTARGET
nfc визитка заказать,nfc визитка,19,36,HIGH,PRINT
многослойные визитки,многослойные визитки,31,36,AVERAGE,PRINT
сайт визитка москва goldenstudio.ru,голден студио москва,36,36,AVERAGE,NONTARGET
стоимость создания сайта визитки goldenstudio.ru,сайт визитка цена,37,36,AVERAGE,NONTARGET
сайт визитка заказать в москве,заказать сайт визитку,39,36,HIGH,NONTARGET
визитки заказать визитки,заказать визитки в москве с доставкой,4,36,HIGH,PRINT
шаблоны сайтов визиток,шаблон сайта визитки,30,36,AVERAGE,NONTARGET
визитка мегафон,мегафон визитка,37,36,HIGH,PRINT
визитки стоматологии,визитка стоматолога,37,36,HIGH,PRINT
электронная визитка nfc,nfc визитка,18,36,HIGH,NONTARGET
раскладка визиток на а4,раскладка визиток на а4,33,36,HIGH,PRINT
визитки кашированные,кашированные визитки,39,36,AVERAGE,PRINT
продвижение сайтов сервисы,продвижение сайта по ключевым словам,25,36,HIGH,NONTARGET
шаблоны дизайна сайтов,готовые сайты,42,36,HIGH,NONTARGET
сделать сайт визитку goldenstudio.ru,голден студио москва,36,35,HIGH,NONTARGET
визитки кофейни,визитка кофейни,38,35,AVERAGE,PRINT
заказ визиток москва printkov,печать прозрачных наклеек printkov,44,35,HIGH,BRANDED
пластиковые визитки цена,пластиковые визитки,57,35,HIGH,PRINT
смс визитка личный кабинет,смс визитка,12,35,HIGH,PRINT
заказать сайт визитку goldenstudio.ru,голден студио москва,35,35,HIGH,NONTARGET
визитка такси,визитка такси,48,35,HIGH,PRINT
как снимать видео визитку,видеовизитка,45,35,HIGH,PRINT
напечатать визитки дешево в москва printkov,печать прозрачных наклеек printkov,43,35,HIGH,BRANDED
китайские визитки,визитки в китае,37,35,AVERAGE,PRINT
создание сайта визитки недорого москва clever pro digital,разработка веб сайта под ключ clever pro digital,36,35,HIGH,NONTARGET
визитка эго,ego визитки,8,35,HIGH,PRINT
фон для визитки,фон для визитки,75,35,HIGH,PRINT
сайт визитка на битрикс цена,сайт визитка на битрикс,36,35,HIGH,NONTARGET
печать визиток типография,печать визиток,48,35,AVERAGE,PRINT
сайт визитка goldenstudio.ru,голден студио москва,35,35,AVERAGE,NONTARGET
создание сайта визитки цена rankstudio,заказать сайт визитку,9,35,HIGH,NONTARGET
печать визиток рядом со мной,оперативная печать визиток,52,35,HIGH,PRINT
визитки опт copy.ru,заказ постеров copy.ru,7,35,HIGH,BRANDED
корпоративные визитки,корпоративная визитка,49,35,AVERAGE,PRINT
создать визитку с помощью нейросети бесплатно,ии для создания визиток,29,35,HIGH,NONTARGET
шаблоны для визиток,шаблон визитки,34,35,HIGH,INFO
визитка кондиционерщика,визитка кондиционерщика,36,35,AVERAGE,PRINT
заказать визитки недорого а цифра,визитки срочно москва а цифра,39,35,HIGH,PRINT
заказать буклеты и визитки недорого типография стд,типография печать,35,35,HIGH,PRINT
книга для визиток,книга для визиток,9,35,HIGH,PRINT
визитка для ватсап,как сделать электронную визитку в whatsapp,8,35,LOW,PRINT
сайт визитка стоимость goldenstudio.ru,голден студио москва,35,35,HIGH,NONTARGET
стоимость создания сайта визитки +7 (967) 802-55-42,заказать сайт визитку,37,35,HIGH,NONTARGET
матовые визитки,матовые визитки,40,35,HIGH,PRINT
printomat,принтомат,47,35,HIGH,BRANDED
печать золотым тиснением,визитки с золотым тиснением,40,35,HIGH,PRINT
разработка сайтов на тильде цена,заказать сайт на тильде,46,34,HIGH,NONTARGET
ego cards,ego визитки,11,33,AVERAGE,BRANDED
листовки москва печать,печать листовок,30,31,AVERAGE,PRINT
выгодное продвижение сайтов,раскрутка сайта,48,31,HIGH,NONTARGET
конгревное тиснение заказать,конгревное тиснение заказать,38,30,HIGH,PRINT
видеовизитка что это,видеовизитка,36,29,HIGH,PRINT
заказы на создание сайтов,требуется разработка сайта,119,28,HIGH,NONTARGET
создание строительного сайта цена,разработка сайта строительной компании,35,27,HIGH,NONTARGET
как создать видеовизитку,видеовизитка,26,26,AVERAGE,INFO
битрикс конструктор сайтов,сделать сайт на битрикс,72,23,HIGH,NONTARGET
заказать в типографии наклейки,типография наклейки москва,35,23,AVERAGE,PRINT
заказать прозрачные наклейки со своим логотипом,печать прозрачных наклеек,51,22,AVERAGE,PRINT
цифровая печать заказать,цифровая печать,18,21,AVERAGE,PRINT
фольгирование золотом,тиснение золотом,16,20,AVERAGE,PRINT
печать наклеек круглосуточно,печать наклеек москва круглосуточно,22,20,HIGH,PRINT
шаблон сайта онлайн,готовые сайты скачать,20,20,HIGH,NONTARGET
визитные карточки,визитка,70,20,HIGH,PRINT
флешка карта,флешка карта,41,18,HIGH,PRINT
типография в зеленограде,типография зеленоград,42,18,HIGH,PRINT
печать этикеток наклеек,печать этикеток,43,18,AVERAGE,PRINT
карточки игра в кальмара,визитка игра в кальмара,32,16,HIGH,PRINT
листовки печать цена,печать листовок москва,33,16,HIGH,PRINT
уф печать москва дешево,печать уф,22,15,HIGH,PRINT
создание сайта с нуля в москве,разработка сайта под ключ,25,13,AVERAGE,NONTARGET
заказ услуг создание сайтов,разработка сайта под ключ,17,11,HIGH,NONTARGET
зеленоград типография,типография зеленоград,14,11,HIGH,PRINT
принтут конструктор,printut,16,10,AVERAGE,PRINT
типография с тиснением,тиснение на картоне,5,10,HIGH,PRINT
фон для карточки,фон для карточки товара,18,10,HIGH,PRINT
печать наклеек букв,наклейки буквы на заказ,12,10,HIGH,PRINT
шаблон лендинга фигма,макет одностраничного сайта figma,6,9,AVERAGE,NONTARGET
делаю сайты на тильде на заказ,заказать сайт на тильде,7,9,HIGH,NONTARGET
заказать цифровую печать,цифровая печать,9,9,HIGH,PRINT
полиграфия цифровая печать,цифровая печать,9,8,HIGH,PRINT
напечатать наклейки на заказ,наклейки на заказ,13,8,AVERAGE,PRINT
как выглядит карточка из игры в кальмара,карточка из игры в кальмара,10,8,HIGH,PRINT
стоимость дизайна сайта на тильде,заказать сайт на тильде,5,8,HIGH,NONTARGET
заказать листовки цена,печать листовок москва,12,8,AVERAGE,PRINT
битрикс 24 конструктор сайтов,сделать сайт на битрикс,8,8,HIGH,NONTARGET
макет одностраничного сайта figma,макет одностраничного сайта figma,18,8,AVERAGE,NONTARGET
шаблоны сайта строительство домов,подъем дома сайт шаблон,14,8,AVERAGE,NONTARGET
print tut,printut,10,7,AVERAGE,BRANDED
готовые строительные сайты,шаблон сайта строительство домов,9,7,HIGH,NONTARGET
изготовление визитных карточек москва,печать визиток,9,7,HIGH,PRINT
печать наклеек на самоклеющейся пленке недорого,изготовление наклеек,10,7,AVERAGE,PRINT
примеры сайтов строительных компаний,дизайны строительных сайтов,2,7,AVERAGE,NONTARGET
типографии зеленоград,типография зеленоград,12,7,HIGH,PRINT
услуги создать сайт,заказать разработку сайтов,9,7,HIGH,NONTARGET
печать фольгирование,фольгирование,9,6,AVERAGE,PRINT
продвижение нескольких сайтов,продвижение нескольких сайтов,6,6,AVERAGE,NONTARGET
заказать наклейки спб со своим дизайном,наклейки с логотипом,6,6,AVERAGE,PRINT
макеты сайтов в фигма,макеты сайтов,3,5,AVERAGE,NONTARGET
как сделать простой сайт на тильде,tilda создать сайт,6,5,HIGH,NONTARGET
копирка круглосуточно москва адреса,копирка рядом,9,5,HIGH,PRINT
печать листовок мск,печать листовок,3,5,HIGH,PRINT
буклеты на заказ москва,печать буклетов,1,5,HIGH,PRINT
продвижение сайтов раскрутка интернет реклама,продвижение сайта москва,4,5,AVERAGE,NONTARGET
копирка круглосуточно москва,копирка круглосуточно,28,5,HIGH,PRINT
распечатать флаер,распечатать флаер,2,4,HIGH,PRINT
распечатать буклеты москва,печать буклетов в москве,2,4,HIGH,PRINT
принт тут конструктор,printut,3,4,HIGH,PRINT
дешевый хостинг для лендинга,хостинг для лендинга,4,4,AVERAGE,NONTARGET
на каком конструкторе лучше создать сайт,конструктор сайтов,4,4,HIGH,NONTARGET
как записать видеовизитку,видеовизитка,8,4,AVERAGE,PRINT
сайт на тильда цена,заказать сайт на тильде,6,4,HIGH,NONTARGET
москва продвижение сайтов в топ,заказать сео продвижение сайта,2,3,AVERAGE,NONTARGET
мегафон этикетка,мегафон этикетка,3,3,HIGH,PRINT
личная визитная карточка,личная визитка,4,3,AVERAGE,PRINT
чем цифровая печать отличается от офсетной,цифровая и офсетная печать,2,3,HIGH,PRINT
printu,printu,2,3,LOW,BRANDED
цифровая печать что это такое,цифровая печать,2,3,HIGH,PRINT
стоимость создания сайта под ключ в спб,создание сайта под ключ цена в спб,3,3,HIGH,NONTARGET
термоподъем,термоподъем,4,3,HIGH,PRINT
видеовизитки,видеовизитка,7,3,HIGH,PRINT
визитная карточка пример,визитка пример,6,3,AVERAGE,PRINT
цена на создание сайтов,разработка сайтов,3,3,HIGH,NONTARGET
стандартный размер персональной деловой визитной карточки,размер визитки,1,2,AVERAGE,PRINT
размер визитной карточки в мм,размер визитки,1,2,AVERAGE,INFO
заказ продвижения сайта москва,раскрутка сайта,1,2,AVERAGE,NONTARGET
стоимость рекламного буклета,печать буклетов в москве недорого,1,2,AVERAGE,PRINT
для карточки,для карточек,2,2,HIGH,PRINT
как печатать золотом на принтере,печать золотом на бумаге,1,2,AVERAGE,PRINT
дизайн визитной карточки,дизайн визиток,3,2,HIGH,PRINT
сайты строительных компаний примеры,дизайны строительных сайтов,1,2,AVERAGE,NONTARGET
сайт на тильде как сделать самому бесплатно,tilda создать сайт,1,2,HIGH,NONTARGET
как снять актерскую видеовизитку,видеовизитка,2,2,AVERAGE,PRINT
примеры видеовизиток,видеовизитка,3,2,HIGH,PRINT
готовые шаблоны сайтов фигма,макеты сайтов,1,2,AVERAGE,NONTARGET
видеовизитка это,видеовизитка,10,2,HIGH,PRINT
сделать сайт на тильде самостоятельно инструкция,tilda создать сайт,1,2,HIGH,NONTARGET
цена веб дизайна,сколько стоит разработка дизайна сайта,2,2,HIGH,PRINT
оформление визитных карточек,визитка пример,2,2,AVERAGE,PRINT
эго технологии,эго технологии,2,2,HIGH,PRINT
типография в зеленограде дешево и быстро,типография зеленоград,5,2,HIGH,PRINT
карточка игра кальмара,визитка игра в кальмара,2,2,HIGH,PRINT
создание визитной карточки онлайн бесплатно,создать визитку,1,2,AVERAGE,NONTARGET
конструктор бесплатно сайтов,конструктор сайтов,2,2,HIGH,NONTARGET
личная визитная карточка пример,личная визитка,1,1,AVERAGE,PRINT
принтут ру,printut,1,1,HIGH,PRINT
сколько стоит дизайн карточки,дизайн карточек для маркетплейсов цена,2,1,AVERAGE,PRINT
офсетная печать или цифровая что лучше,цифровая и офсетная печать,1,1,AVERAGE,PRINT
как сделать визитную карточку,как сделать визитку,4,1,HIGH,INFO
как позолотить торец книги,золочение обреза книг,0,1,NO_DATA,PRINT
наклейка по фото на заказ,заказать наклейки со своим дизайном,1,1,HIGH,PRINT
напечатать наклейки в москве дешево,наклейки на заказ,0,1,NO_DATA,PRINT
сайт на тильда создать самому бесплатно пошаговая инструкция для чайников,tilda создать сайт,2,1,HIGH,NONTARGET
сколько делать сайт по времени,сколько времени уходит на создание сайта,1,1,AVERAGE,NONTARGET
карточница визитница женская,визитница для пластиковых карт женская,1,1,HIGH,PRINT
mockup vizitka,визитка мокап,0,1,NO_DATA,NONTARGET
продвижение и администрирование сайтов,администрирование продвижение сайтов,1,1,AVERAGE,NONTARGET
создание сайта под бизнес,авторский сайт под ключ,1,1,HIGH,NONTARGET
продвижение сайта в яндексе optimizator online,seo продвижение интернет портала недорого,1,1,AVERAGE,NONTARGET
системы продвижения сайтов,поддержка и раскрутка сайта,1,1,HIGH,NONTARGET
рисунок эвакуатор,нарисовать эвакуатор,1,1,HIGH,PRINT
как выглядит карточка из игры кальмара,карточка из игры в кальмара,1,1,HIGH,PRINT
печать самоклеящихся наклеек в москве,печать самоклеящихся наклеек в москве,2,1,HIGH,PRINT
макет визитной карточки онлайн бесплатно,создать визитку,0,1,NO_DATA,NONTARGET
видеовизитка как снять,видеовизитка,1,1,AVERAGE,PRINT
визитные карточки такси,визитка такси,1,1,HIGH,PRINT
создание сайта новосибирск,разработка сайтов новосибирск,2,1,HIGH,NONTARGET
фольгирование заказать,фольгирование заказать,0,1,NO_DATA,PRINT
уф печать дешево,печать уф,1,1,HIGH,PRINT
флешка в виде карточки,флешка карта,0,1,NO_DATA,PRINT
что такое термоподъем,термоподъем,0,1,NO_DATA,INFO
флешка карточка,флешка карта,7,1,HIGH,PRINT
как сделать золотой обрез книги,золочение обреза книг,0,1,NO_DATA,INFO
электронная визитная карточка,электронная визитка,3,1,HIGH,NONTARGET
дешевое продвижение сайтов москва,раскрутка сайта,1,1,HIGH,NONTARGET
хороший конструктор сайтов бесплатно,бесплатный конструктор сайтов,4,1,AVERAGE,NONTARGET
создание интернет сайта краснодар,создание сайтов краснодар,2,1,HIGH,NONTARGET
шаблоны для веб разработки,шаблоны страниц,1,1,AVERAGE,INFO
лого ветклиника,логотип ветеринарной клиники,0,1,NO_DATA,PRINT
